2026-09-04 13:58:02.658 INFO  [restartedMain] c.b.a.ApiStudentManagementApplication - Starting ApiStudentManagementApplication using Java 21.0.10 with PID 44123 (/Users/macbook/Downloads/api_student_management/target/classes started by macbook in /Users/macbook/Downloads/api_student_management)
2026-09-04 13:58:02.658 INFO  [restartedMain] c.b.a.ApiStudentManagementApplication - No active profile set, falling back to 1 default profile: "default"
2026-09-04 13:58:02.720 INFO  [restartedMain] o.s.d.r.c.RepositoryConfigurationDelegate - Bootstrapping Spring Data JPA repositories in DEFAULT mode.
2026-09-04 13:58:02.724 INFO  [restartedMain] o.s.d.r.c.RepositoryConfigurationDelegate - Finished Spring Data repository scanning in 3 ms. Found 2 JPA repository interfaces.
2026-09-04 13:58:02.767 INFO  [restartedMain] o.s.boot.tomcat.TomcatWebServer - Tomcat initialized with port 8080 (http)
2026-09-04 13:58:02.767 INFO  [restartedMain] o.apache.catalina.core.StandardService - Starting service [Tomcat]
2026-09-04 13:58:02.767 INFO  [restartedMain] org.apache.catalina.core.StandardEngine - Starting Servlet engine: [Apache Tomcat/11.0.24]
2026-09-04 13:58:02.775 INFO  [restartedMain] o.s.b.w.c.s.WebApplicationContextInitializer - Root WebApplicationContext: initialization completed in 116 ms
2026-09-04 13:58:02.802 INFO  [restartedMain] org.hibernate.orm.jpa - HHH008540: Processing PersistenceUnitInfo [name: default]
2026-09-04 13:58:02.813 INFO  [restartedMain] o.s.o.j.p.SpringPersistenceUnitInfo - No LoadTimeWeaver setup: ignoring JPA class transformer
2026-09-04 13:58:02.814 INFO  [restartedMain] com.zaxxer.hikari.HikariDataSource - HikariPool-6 - Starting...
2026-09-04 13:58:02.821 INFO  [restartedMain] com.zaxxer.hikari.pool.HikariPool - HikariPool-6 - Added connection org.postgresql.jdbc.PgConnection@4836bb25
2026-09-04 13:58:02.821 INFO  [restartedMain] com.zaxxer.hikari.HikariDataSource - HikariPool-6 - Start completed.
2026-09-04 13:58:02.828 INFO  [restartedMain] org.hibernate.orm.connections.pooling - HHH10001005: Database info:
	Database JDBC URL [jdbc:postgresql://localhost:5432/student_management]
	Database driver: PostgreSQL JDBC Driver
	Database dialect: PostgreSQLDialect
	Database version: 18.6
	Default catalog/schema: student_management/public
	Autocommit mode: undefined/unknown
	Isolation level: READ_COMMITTED [default READ_COMMITTED]
	JDBC fetch size: none
	Pool: DataSourceConnectionProvider
	Minimum pool size: undefined/unknown
	Maximum pool size: undefined/unknown
2026-09-04 13:58:02.857 INFO  [restartedMain] org.hibernate.orm.core - HHH000489: No JTA platform available (set 'hibernate.transaction.jta.platform' to enable JTA platform integration)
2026-09-04 13:58:02.880 WARN  [restartedMain] org.hibernate.orm.jdbc.warn - HHH000247: ErrorCode: 0, SQLState: 00000
2026-09-04 13:58:02.880 WARN  [restartedMain] org.hibernate.orm.jdbc.warn - constraint "uk_students_student_name" of relation "students" does not exist, skipping
2026-09-04 13:58:02.881 INFO  [restartedMain] o.s.o.j.LocalContainerEntityManagerFactoryBean - Initialized JPA EntityManagerFactory for persistence unit 'default'
2026-09-04 13:58:02.914 INFO  [restartedMain] o.s.s.c.a.a.c.InitializeUserDetailsBeanManagerConfigurer$InitializeUserDetailsManagerConfigurer - Global AuthenticationManager configured with UserDetailsService bean with name userDetailsService
2026-09-04 13:58:03.012 INFO  [restartedMain] o.s.boot.tomcat.TomcatWebServer - Tomcat started on port 8080 (http) with context path '/'
2026-09-04 13:58:03.014 INFO  [restartedMain] c.b.a.ApiStudentManagementApplication - Started ApiStudentManagementApplication in 0.431 seconds (process running for 397.505)
2026-09-04 13:58:03.015 INFO  [restartedMain] o.s.b.d.a.ConditionEvaluationDeltaLoggingListener - Condition evaluation unchanged
2026-09-04 13:58:58.027 INFO  [File Watcher] o.s.b.d.a.LocalDevToolsAutoConfiguration$RestartingClassPathChangeChangedEventListener - Restarting due to 1 class path change (0 additions, 0 deletions, 1 modification)
2026-09-04 13:58:58.029 INFO  [Thread-21] o.s.boot.tomcat.GracefulShutdown - Commencing graceful shutdown. Waiting for active requests to complete
2026-09-04 13:58:58.038 INFO  [tomcat-shutdown] o.s.boot.tomcat.GracefulShutdown - Graceful shutdown complete
2026-09-04 13:58:58.043 INFO  [Thread-21] o.s.o.j.LocalContainerEntityManagerFactoryBean - Closing JPA EntityManagerFactory for persistence unit 'default'
2026-09-04 13:58:58.045 INFO  [Thread-21] com.zaxxer.hikari.HikariDataSource - HikariPool-6 - Shutdown initiated...
2026-09-04 13:58:58.048 INFO  [Thread-21] com.zaxxer.hikari.HikariDataSource - HikariPool-6 - Shutdown completed.
2026-09-04 13:58:58.111 INFO  [restartedMain] c.b.a.ApiStudentManagementApplication - Starting ApiStudentManagementApplication using Java 21.0.10 with PID 44123 (/Users/macbook/Downloads/api_student_management/target/classes started by macbook in /Users/macbook/Downloads/api_student_management)
2026-09-04 13:58:58.111 INFO  [restartedMain] c.b.a.ApiStudentManagementApplication - No active profile set, falling back to 1 default profile: "default"
2026-09-04 13:58:58.173 INFO  [restartedMain] o.s.d.r.c.RepositoryConfigurationDelegate - Bootstrapping Spring Data JPA repositories in DEFAULT mode.
2026-09-04 13:58:58.177 INFO  [restartedMain] o.s.d.r.c.RepositoryConfigurationDelegate - Finished Spring Data repository scanning in 3 ms. Found 2 JPA repository interfaces.
2026-09-04 13:58:58.218 INFO  [restartedMain] o.s.boot.tomcat.TomcatWebServer - Tomcat initialized with port 8080 (http)
2026-09-04 13:58:58.218 INFO  [restartedMain] o.apache.catalina.core.StandardService - Starting service [Tomcat]
2026-09-04 13:58:58.219 INFO  [restartedMain] org.apache.catalina.core.StandardEngine - Starting Servlet engine: [Apache Tomcat/11.0.24]
2026-09-04 13:58:58.224 INFO  [restartedMain] o.s.b.w.c.s.WebApplicationContextInitializer - Root WebApplicationContext: initialization completed in 112 ms
2026-09-04 13:58:58.244 INFO  [restartedMain] org.hibernate.orm.jpa - HHH008540: Processing PersistenceUnitInfo [name: default]
2026-09-04 13:58:58.255 INFO  [restartedMain] o.s.o.j.p.SpringPersistenceUnitInfo - No LoadTimeWeaver setup: ignoring JPA class transformer
2026-09-04 13:58:58.256 INFO  [restartedMain] com.zaxxer.hikari.HikariDataSource - HikariPool-7 - Starting...
2026-09-04 13:58:58.264 INFO  [restartedMain] com.zaxxer.hikari.pool.HikariPool - HikariPool-7 - Added connection org.postgresql.jdbc.PgConnection@3bdc3232
2026-09-04 13:58:58.264 INFO  [restartedMain] com.zaxxer.hikari.HikariDataSource - HikariPool-7 - Start completed.
2026-09-04 13:58:58.273 INFO  [restartedMain] org.hibernate.orm.connections.pooling - HHH10001005: Database info:
	Database JDBC URL [jdbc:postgresql://localhost:5432/student_management]
	Database driver: PostgreSQL JDBC Driver
	Database dialect: PostgreSQLDialect
	Database version: 18.6
	Default catalog/schema: student_management/public
	Autocommit mode: undefined/unknown
	Isolation level: READ_COMMITTED [default READ_COMMITTED]
	JDBC fetch size: none
	Pool: DataSourceConnectionProvider
	Minimum pool size: undefined/unknown
	Maximum pool size: undefined/unknown
2026-09-04 13:58:58.300 INFO  [restartedMain] org.hibernate.orm.core - HHH000489: No JTA platform available (set 'hibernate.transaction.jta.platform' to enable JTA platform integration)
2026-09-04 13:58:58.326 WARN  [restartedMain] org.hibernate.orm.jdbc.warn - HHH000247: ErrorCode: 0, SQLState: 00000
2026-09-04 13:58:58.327 WARN  [restartedMain] org.hibernate.orm.jdbc.warn - constraint "uk_students_student_name" of relation "students" does not exist, skipping
2026-09-04 13:58:58.327 INFO  [restartedMain] o.s.o.j.LocalContainerEntityManagerFactoryBean - Initialized JPA EntityManagerFactory for persistence unit 'default'
2026-09-04 13:58:58.356 INFO  [restartedMain] o.s.s.c.a.a.c.InitializeUserDetailsBeanManagerConfigurer$InitializeUserDetailsManagerConfigurer - Global AuthenticationManager configured with UserDetailsService bean with name userDetailsService
2026-09-04 13:58:58.370 WARN  [restartedMain] o.s.b.w.s.s.c.AnnotationConfigServletWebServerApplicationContext - Exception encountered during context initialization - cancelling refresh attempt: org.springframework.beans.factory.BeanCreationException: Error creating bean with name 'globalExceptionHandler' defined in file [/Users/macbook/Downloads/api_student_management/target/classes/com/bulton/api_student_management/exception/GlobalExceptionHandler.class]: Failed to instantiate [com.bulton.api_student_management.exception.GlobalExceptionHandler]: Constructor threw exception
2026-09-04 13:58:58.370 INFO  [restartedMain] o.s.o.j.LocalContainerEntityManagerFactoryBean - Closing JPA EntityManagerFactory for persistence unit 'default'
2026-09-04 13:58:58.371 INFO  [restartedMain] com.zaxxer.hikari.HikariDataSource - HikariPool-7 - Shutdown initiated...
2026-09-04 13:58:58.409 INFO  [restartedMain] com.zaxxer.hikari.HikariDataSource - HikariPool-7 - Shutdown completed.
2026-09-04 13:58:58.410 INFO  [restartedMain] o.apache.catalina.core.StandardService - Stopping service [Tomcat]
2026-09-04 13:58:58.412 INFO  [restartedMain] o.s.b.a.l.ConditionEvaluationReportLogger - 

Error starting ApplicationContext. To display the condition evaluation report re-run your application with 'debug' enabled.
2026-09-04 13:58:58.413 ERROR [restartedMain] o.springframework.boot.SpringApplication - Application run failed
org.springframework.beans.factory.BeanCreationException: Error creating bean with name 'globalExceptionHandler' defined in file [/Users/macbook/Downloads/api_student_management/target/classes/com/bulton/api_student_management/exception/GlobalExceptionHandler.class]: Failed to instantiate [com.bulton.api_student_management.exception.GlobalExceptionHandler]: Constructor threw exception
	at org.springframework.beans.factory.support.AbstractAutowireCapableBeanFactory.instantiateBean(AbstractAutowireCapableBeanFactory.java:1342)
	at org.springframework.beans.factory.support.AbstractAutowireCapableBeanFactory.createBeanInstance(AbstractAutowireCapableBeanFactory.java:1229)
	at org.springframework.beans.factory.support.AbstractAutowireCapableBeanFactory.doCreateBean(AbstractAutowireCapableBeanFactory.java:565)
	at org.springframework.beans.factory.support.AbstractAutowireCapableBeanFactory.createBean(AbstractAutowireCapableBeanFactory.java:525)
	at org.springframework.beans.factory.support.AbstractBeanFactory.lambda$doGetBean$0(AbstractBeanFactory.java:333)
	at org.springframework.beans.factory.support.DefaultSingletonBeanRegistry.getSingleton(DefaultSingletonBeanRegistry.java:371)
	at org.springframework.beans.factory.support.AbstractBeanFactory.doGetBean(AbstractBeanFactory.java:331)
	at org.springframework.beans.factory.support.AbstractBeanFactory.getBean(AbstractBeanFactory.java:196)
	at org.springframework.beans.factory.support.DefaultListableBeanFactory.instantiateSingleton(DefaultListableBeanFactory.java:1225)
	at org.springframework.beans.factory.support.DefaultListableBeanFactory.preInstantiateSingleton(DefaultListableBeanFactory.java:1191)
	at org.springframework.beans.factory.support.DefaultListableBeanFactory.preInstantiateSingletons(DefaultListableBeanFactory.java:1121)
	at org.springframework.context.support.AbstractApplicationContext.finishBeanFactoryInitialization(AbstractApplicationContext.java:994)
	at org.springframework.context.support.AbstractApplicationContext.refresh(AbstractApplicationContext.java:621)
	at org.springframework.boot.web.server.servlet.context.ServletWebServerApplicationContext.refresh(ServletWebServerApplicationContext.java:143)
	at org.springframework.boot.SpringApplication.refresh(SpringApplication.java:756)
	at org.springframework.boot.SpringApplication.refreshContext(SpringApplication.java:445)
	at org.springframework.boot.SpringApplication.run(SpringApplication.java:321)
	at org.springframework.boot.SpringApplication.run(SpringApplication.java:1365)
	at org.springframework.boot.SpringApplication.run(SpringApplication.java:1354)
	at com.bulton.api_student_management.ApiStudentManagementApplication.main(ApiStudentManagementApplication.java:10)
	at java.base/jdk.internal.reflect.DirectMethodHandleAccessor.invoke(DirectMethodHandleAccessor.java:103)
	at java.base/java.lang.reflect.Method.invoke(Method.java:580)
	at org.springframework.boot.devtools.restart.RestartLauncher.run(RestartLauncher.java:52)
Caused by: org.springframework.beans.BeanInstantiationException: Failed to instantiate [com.bulton.api_student_management.exception.GlobalExceptionHandler]: Constructor threw exception
	at org.springframework.beans.BeanUtils.instantiateClass(BeanUtils.java:220)
	at org.springframework.beans.factory.support.SimpleInstantiationStrategy.instantiate(SimpleInstantiationStrategy.java:106)
	at org.springframework.beans.factory.support.AbstractAutowireCapableBeanFactory.instantiateBean(AbstractAutowireCapableBeanFactory.java:1336)
	... 22 common frames omitted
Caused by: java.lang.Error: Unresolved compilation problem: 
	S cannot be resolved to a type

	at com.bulton.api_student_management.exception.GlobalExceptionHandler.<init>(GlobalExceptionHandler.java:17)
	at java.base/jdk.internal.reflect.DirectConstructorHandleAccessor.newInstance(DirectConstructorHandleAccessor.java:62)
	at java.base/java.lang.reflect.Constructor.newInstanceWithCaller(Constructor.java:502)
	at java.base/java.lang.reflect.Constructor.newInstance(Constructor.java:486)
	at org.springframework.beans.BeanUtils.instantiateClass(BeanUtils.java:194)
	... 24 common frames omitted
2026-09-04 13:59:01.888 INFO  [restartedMain] c.b.a.ApiStudentManagementApplication - Starting ApiStudentManagementApplication using Java 21.0.10 with PID 44123 (/Users/macbook/Downloads/api_student_management/target/classes started by macbook in /Users/macbook/Downloads/api_student_management)
2026-09-04 13:59:01.888 INFO  [restartedMain] c.b.a.ApiStudentManagementApplication - No active profile set, falling back to 1 default profile: "default"
2026-09-04 13:59:01.960 INFO  [restartedMain] o.s.d.r.c.RepositoryConfigurationDelegate - Bootstrapping Spring Data JPA repositories in DEFAULT mode.
2026-09-04 13:59:01.963 INFO  [restartedMain] o.s.d.r.c.RepositoryConfigurationDelegate - Finished Spring Data repository scanning in 2 ms. Found 2 JPA repository interfaces.
2026-09-04 13:59:02.001 INFO  [restartedMain] o.s.boot.tomcat.TomcatWebServer - Tomcat initialized with port 8080 (http)
2026-09-04 13:59:02.002 INFO  [restartedMain] o.apache.catalina.core.StandardService - Starting service [Tomcat]
2026-09-04 13:59:02.002 INFO  [restartedMain] org.apache.catalina.core.StandardEngine - Starting Servlet engine: [Apache Tomcat/11.0.24]
2026-09-04 13:59:02.007 INFO  [restartedMain] o.s.b.w.c.s.WebApplicationContextInitializer - Root WebApplicationContext: initialization completed in 118 ms
2026-09-04 13:59:02.026 INFO  [restartedMain] org.hibernate.orm.jpa - HHH008540: Processing PersistenceUnitInfo [name: default]
2026-09-04 13:59:02.033 INFO  [restartedMain] o.s.o.j.p.SpringPersistenceUnitInfo - No LoadTimeWeaver setup: ignoring JPA class transformer
2026-09-04 13:59:02.034 INFO  [restartedMain] com.zaxxer.hikari.HikariDataSource - HikariPool-8 - Starting...
2026-09-04 13:59:02.040 INFO  [restartedMain] com.zaxxer.hikari.pool.HikariPool - HikariPool-8 - Added connection org.postgresql.jdbc.PgConnection@70450bb7
2026-09-04 13:59:02.040 INFO  [restartedMain] com.zaxxer.hikari.HikariDataSource - HikariPool-8 - Start completed.
2026-09-04 13:59:02.046 INFO  [restartedMain] org.hibernate.orm.connections.pooling - HHH10001005: Database info:
	Database JDBC URL [jdbc:postgresql://localhost:5432/student_management]
	Database driver: PostgreSQL JDBC Driver
	Database dialect: PostgreSQLDialect
	Database version: 18.6
	Default catalog/schema: student_management/public
	Autocommit mode: undefined/unknown
	Isolation level: READ_COMMITTED [default READ_COMMITTED]
	JDBC fetch size: none
	Pool: DataSourceConnectionProvider
	Minimum pool size: undefined/unknown
	Maximum pool size: undefined/unknown
2026-09-04 13:59:02.074 INFO  [restartedMain] org.hibernate.orm.core - HHH000489: No JTA platform available (set 'hibernate.transaction.jta.platform' to enable JTA platform integration)
2026-09-04 13:59:02.098 WARN  [restartedMain] org.hibernate.orm.jdbc.warn - HHH000247: ErrorCode: 0, SQLState: 00000
2026-09-04 13:59:02.099 WARN  [restartedMain] org.hibernate.orm.jdbc.warn - constraint "uk_students_student_name" of relation "students" does not exist, skipping
2026-09-04 13:59:02.099 INFO  [restartedMain] o.s.o.j.LocalContainerEntityManagerFactoryBean - Initialized JPA EntityManagerFactory for persistence unit 'default'
2026-09-04 13:59:02.126 INFO  [restartedMain] o.s.s.c.a.a.c.InitializeUserDetailsBeanManagerConfigurer$InitializeUserDetailsManagerConfigurer - Global AuthenticationManager configured with UserDetailsService bean with name userDetailsService
2026-09-04 13:59:02.218 INFO  [restartedMain] o.s.boot.tomcat.TomcatWebServer - Tomcat started on port 8080 (http) with context path '/'
2026-09-04 13:59:02.219 INFO  [restartedMain] c.b.a.ApiStudentManagementApplication - Started ApiStudentManagementApplication in 0.355 seconds (process running for 456.711)
2026-09-04 13:59:02.220 INFO  [restartedMain] o.s.b.d.a.ConditionEvaluationDeltaLoggingListener - Condition evaluation unchanged
2026-09-04 13:59:15.735 INFO  [File Watcher] o.s.b.d.a.LocalDevToolsAutoConfiguration$RestartingClassPathChangeChangedEventListener - Restarting due to 1 class path change (0 additions, 0 deletions, 1 modification)
2026-09-04 13:59:15.736 INFO  [Thread-27] o.s.boot.tomcat.GracefulShutdown - Commencing graceful shutdown. Waiting for active requests to complete
2026-09-04 13:59:15.738 INFO  [tomcat-shutdown] o.s.boot.tomcat.GracefulShutdown - Graceful shutdown complete
2026-09-04 13:59:15.739 INFO  [Thread-27] o.s.o.j.LocalContainerEntityManagerFactoryBean - Closing JPA EntityManagerFactory for persistence unit 'default'
2026-09-04 13:59:15.739 INFO  [Thread-27] com.zaxxer.hikari.HikariDataSource - HikariPool-8 - Shutdown initiated...
2026-09-04 13:59:15.740 INFO  [Thread-27] com.zaxxer.hikari.HikariDataSource - HikariPool-8 - Shutdown completed.
2026-09-04 13:59:15.781 INFO  [restartedMain] c.b.a.ApiStudentManagementApplication - Starting ApiStudentManagementApplication using Java 21.0.10 with PID 44123 (/Users/macbook/Downloads/api_student_management/target/classes started by macbook in /Users/macbook/Downloads/api_student_management)
2026-09-04 13:59:15.781 INFO  [restartedMain] c.b.a.ApiStudentManagementApplication - No active profile set, falling back to 1 default profile: "default"
2026-09-04 13:59:15.843 INFO  [restartedMain] o.s.d.r.c.RepositoryConfigurationDelegate - Bootstrapping Spring Data JPA repositories in DEFAULT mode.
2026-09-04 13:59:15.847 INFO  [restartedMain] o.s.d.r.c.RepositoryConfigurationDelegate - Finished Spring Data repository scanning in 3 ms. Found 2 JPA repository interfaces.
2026-09-04 13:59:15.885 INFO  [restartedMain] o.s.boot.tomcat.TomcatWebServer - Tomcat initialized with port 8080 (http)
2026-09-04 13:59:15.886 INFO  [restartedMain] o.apache.catalina.core.StandardService - Starting service [Tomcat]
2026-09-04 13:59:15.886 INFO  [restartedMain] org.apache.catalina.core.StandardEngine - Starting Servlet engine: [Apache Tomcat/11.0.24]
2026-09-04 13:59:15.891 INFO  [restartedMain] o.s.b.w.c.s.WebApplicationContextInitializer - Root WebApplicationContext: initialization completed in 110 ms
2026-09-04 13:59:15.908 INFO  [restartedMain] org.hibernate.orm.jpa - HHH008540: Processing PersistenceUnitInfo [name: default]
2026-09-04 13:59:15.916 INFO  [restartedMain] o.s.o.j.p.SpringPersistenceUnitInfo - No LoadTimeWeaver setup: ignoring JPA class transformer
2026-09-04 13:59:15.917 INFO  [restartedMain] com.zaxxer.hikari.HikariDataSource - HikariPool-9 - Starting...
2026-09-04 13:59:15.923 INFO  [restartedMain] com.zaxxer.hikari.pool.HikariPool - HikariPool-9 - Added connection org.postgresql.jdbc.PgConnection@74207aba
2026-09-04 13:59:15.923 INFO  [restartedMain] com.zaxxer.hikari.HikariDataSource - HikariPool-9 - Start completed.
2026-09-04 13:59:15.929 INFO  [restartedMain] org.hibernate.orm.connections.pooling - HHH10001005: Database info:
	Database JDBC URL [jdbc:postgresql://localhost:5432/student_management]
	Database driver: PostgreSQL JDBC Driver
	Database dialect: PostgreSQLDialect
	Database version: 18.6
	Default catalog/schema: student_management/public
	Autocommit mode: undefined/unknown
	Isolation level: READ_COMMITTED [default READ_COMMITTED]
	JDBC fetch size: none
	Pool: DataSourceConnectionProvider
	Minimum pool size: undefined/unknown
	Maximum pool size: undefined/unknown
2026-09-04 13:59:15.960 INFO  [restartedMain] org.hibernate.orm.core - HHH000489: No JTA platform available (set 'hibernate.transaction.jta.platform' to enable JTA platform integration)
2026-09-04 13:59:15.985 WARN  [restartedMain] org.hibernate.orm.jdbc.warn - HHH000247: ErrorCode: 0, SQLState: 00000
2026-09-04 13:59:15.985 WARN  [restartedMain] org.hibernate.orm.jdbc.warn - constraint "uk_students_student_name" of relation "students" does not exist, skipping
2026-09-04 13:59:15.986 INFO  [restartedMain] o.s.o.j.LocalContainerEntityManagerFactoryBean - Initialized JPA EntityManagerFactory for persistence unit 'default'
2026-09-04 13:59:16.013 INFO  [restartedMain] o.s.s.c.a.a.c.InitializeUserDetailsBeanManagerConfigurer$InitializeUserDetailsManagerConfigurer - Global AuthenticationManager configured with UserDetailsService bean with name userDetailsService
2026-09-04 13:59:16.113 INFO  [restartedMain] o.s.boot.tomcat.TomcatWebServer - Tomcat started on port 8080 (http) with context path '/'
2026-09-04 13:59:16.115 INFO  [restartedMain] c.b.a.ApiStudentManagementApplication - Started ApiStudentManagementApplication in 0.346 seconds (process running for 470.607)
2026-09-04 13:59:16.115 INFO  [restartedMain] o.s.b.d.a.ConditionEvaluationDeltaLoggingListener - Condition evaluation unchanged
2026-09-04 13:59:19.533 INFO  [File Watcher] o.s.b.d.a.LocalDevToolsAutoConfiguration$RestartingClassPathChangeChangedEventListener - Restarting due to 1 class path change (0 additions, 0 deletions, 1 modification)
2026-09-04 13:59:19.534 INFO  [Thread-34] o.s.boot.tomcat.GracefulShutdown - Commencing graceful shutdown. Waiting for active requests to complete
2026-09-04 13:59:19.536 INFO  [tomcat-shutdown] o.s.boot.tomcat.GracefulShutdown - Graceful shutdown complete
2026-09-04 13:59:19.537 INFO  [Thread-34] o.s.o.j.LocalContainerEntityManagerFactoryBean - Closing JPA EntityManagerFactory for persistence unit 'default'
2026-09-04 13:59:19.537 INFO  [Thread-34] com.zaxxer.hikari.HikariDataSource - HikariPool-9 - Shutdown initiated...
2026-09-04 13:59:19.538 INFO  [Thread-34] com.zaxxer.hikari.HikariDataSource - HikariPool-9 - Shutdown completed.
2026-09-04 13:59:19.576 INFO  [restartedMain] c.b.a.ApiStudentManagementApplication - Starting ApiStudentManagementApplication using Java 21.0.10 with PID 44123 (/Users/macbook/Downloads/api_student_management/target/classes started by macbook in /Users/macbook/Downloads/api_student_management)
2026-09-04 13:59:19.576 INFO  [restartedMain] c.b.a.ApiStudentManagementApplication - No active profile set, falling back to 1 default profile: "default"
2026-09-04 13:59:19.631 INFO  [restartedMain] o.s.d.r.c.RepositoryConfigurationDelegate - Bootstrapping Spring Data JPA repositories in DEFAULT mode.
2026-09-04 13:59:19.635 INFO  [restartedMain] o.s.d.r.c.RepositoryConfigurationDelegate - Finished Spring Data repository scanning in 3 ms. Found 2 JPA repository interfaces.
2026-09-04 13:59:19.674 INFO  [restartedMain] o.s.boot.tomcat.TomcatWebServer - Tomcat initialized with port 8080 (http)
2026-09-04 13:59:19.674 INFO  [restartedMain] o.apache.catalina.core.StandardService - Starting service [Tomcat]
2026-09-04 13:59:19.674 INFO  [restartedMain] org.apache.catalina.core.StandardEngine - Starting Servlet engine: [Apache Tomcat/11.0.24]
2026-09-04 13:59:19.679 INFO  [restartedMain] o.s.b.w.c.s.WebApplicationContextInitializer - Root WebApplicationContext: initialization completed in 102 ms
2026-09-04 13:59:19.698 INFO  [restartedMain] org.hibernate.orm.jpa - HHH008540: Processing PersistenceUnitInfo [name: default]
2026-09-04 13:59:19.706 INFO  [restartedMain] o.s.o.j.p.SpringPersistenceUnitInfo - No LoadTimeWeaver setup: ignoring JPA class transformer
2026-09-04 13:59:19.707 INFO  [restartedMain] com.zaxxer.hikari.HikariDataSource - HikariPool-10 - Starting...
2026-09-04 13:59:19.713 INFO  [restartedMain] com.zaxxer.hikari.pool.HikariPool - HikariPool-10 - Added connection org.postgresql.jdbc.PgConnection@2d9062a8
2026-09-04 13:59:19.713 INFO  [restartedMain] com.zaxxer.hikari.HikariDataSource - HikariPool-10 - Start completed.
2026-09-04 13:59:19.718 INFO  [restartedMain] org.hibernate.orm.connections.pooling - HHH10001005: Database info:
	Database JDBC URL [jdbc:postgresql://localhost:5432/student_management]
	Database driver: PostgreSQL JDBC Driver
	Database dialect: PostgreSQLDialect
	Database version: 18.6
	Default catalog/schema: student_management/public
	Autocommit mode: undefined/unknown
	Isolation level: READ_COMMITTED [default READ_COMMITTED]
	JDBC fetch size: none
	Pool: DataSourceConnectionProvider
	Minimum pool size: undefined/unknown
	Maximum pool size: undefined/unknown
2026-09-04 13:59:19.753 INFO  [restartedMain] org.hibernate.orm.core - HHH000489: No JTA platform available (set 'hibernate.transaction.jta.platform' to enable JTA platform integration)
2026-09-04 13:59:19.774 WARN  [restartedMain] org.hibernate.orm.jdbc.warn - HHH000247: ErrorCode: 0, SQLState: 00000
2026-09-04 13:59:19.774 WARN  [restartedMain] org.hibernate.orm.jdbc.warn - constraint "uk_students_student_name" of relation "students" does not exist, skipping
2026-09-04 13:59:19.775 INFO  [restartedMain] o.s.o.j.LocalContainerEntityManagerFactoryBean - Initialized JPA EntityManagerFactory for persistence unit 'default'
2026-09-04 13:59:19.841 INFO  [restartedMain] o.s.s.c.a.a.c.InitializeUserDetailsBeanManagerConfigurer$InitializeUserDetailsManagerConfigurer - Global AuthenticationManager configured with UserDetailsService bean with name userDetailsService
2026-09-04 13:59:19.941 INFO  [restartedMain] o.s.boot.tomcat.TomcatWebServer - Tomcat started on port 8080 (http) with context path '/'
2026-09-04 13:59:19.942 INFO  [restartedMain] c.b.a.ApiStudentManagementApplication - Started ApiStudentManagementApplication in 0.376 seconds (process running for 474.434)
2026-09-04 13:59:19.943 INFO  [restartedMain] o.s.b.d.a.ConditionEvaluationDeltaLoggingListener - Condition evaluation unchanged
2026-09-04 13:59:26.403 INFO  [File Watcher] o.s.b.d.a.LocalDevToolsAutoConfiguration$RestartingClassPathChangeChangedEventListener - Restarting due to 1 class path change (0 additions, 0 deletions, 1 modification)
2026-09-04 13:59:26.404 INFO  [Thread-38] o.s.boot.tomcat.GracefulShutdown - Commencing graceful shutdown. Waiting for active requests to complete
2026-09-04 13:59:26.407 INFO  [tomcat-shutdown] o.s.boot.tomcat.GracefulShutdown - Graceful shutdown complete
2026-09-04 13:59:26.410 INFO  [Thread-38] o.s.o.j.LocalContainerEntityManagerFactoryBean - Closing JPA EntityManagerFactory for persistence unit 'default'
2026-09-04 13:59:26.410 INFO  [Thread-38] com.zaxxer.hikari.HikariDataSource - HikariPool-10 - Shutdown initiated...
2026-09-04 13:59:26.411 INFO  [Thread-38] com.zaxxer.hikari.HikariDataSource - HikariPool-10 - Shutdown completed.
2026-09-04 13:59:26.459 INFO  [restartedMain] c.b.a.ApiStudentManagementApplication - Starting ApiStudentManagementApplication using Java 21.0.10 with PID 44123 (/Users/macbook/Downloads/api_student_management/target/classes started by macbook in /Users/macbook/Downloads/api_student_management)
2026-09-04 13:59:26.459 INFO  [restartedMain] c.b.a.ApiStudentManagementApplication - No active profile set, falling back to 1 default profile: "default"
2026-09-04 13:59:26.516 INFO  [restartedMain] o.s.d.r.c.RepositoryConfigurationDelegate - Bootstrapping Spring Data JPA repositories in DEFAULT mode.
2026-09-04 13:59:26.521 INFO  [restartedMain] o.s.d.r.c.RepositoryConfigurationDelegate - Finished Spring Data repository scanning in 4 ms. Found 2 JPA repository interfaces.
2026-09-04 13:59:26.562 INFO  [restartedMain] o.s.boot.tomcat.TomcatWebServer - Tomcat initialized with port 8080 (http)
2026-09-04 13:59:26.563 INFO  [restartedMain] o.apache.catalina.core.StandardService - Starting service [Tomcat]
2026-09-04 13:59:26.563 INFO  [restartedMain] org.apache.catalina.core.StandardEngine - Starting Servlet engine: [Apache Tomcat/11.0.24]
2026-09-04 13:59:26.568 INFO  [restartedMain] o.s.b.w.c.s.WebApplicationContextInitializer - Root WebApplicationContext: initialization completed in 108 ms
2026-09-04 13:59:26.587 INFO  [restartedMain] org.hibernate.orm.jpa - HHH008540: Processing PersistenceUnitInfo [name: default]
2026-09-04 13:59:26.595 INFO  [restartedMain] o.s.o.j.p.SpringPersistenceUnitInfo - No LoadTimeWeaver setup: ignoring JPA class transformer
2026-09-04 13:59:26.595 INFO  [restartedMain] com.zaxxer.hikari.HikariDataSource - HikariPool-11 - Starting...
2026-09-04 13:59:26.601 INFO  [restartedMain] com.zaxxer.hikari.pool.HikariPool - HikariPool-11 - Added connection org.postgresql.jdbc.PgConnection@28764e8d
2026-09-04 13:59:26.601 INFO  [restartedMain] com.zaxxer.hikari.HikariDataSource - HikariPool-11 - Start completed.
2026-09-04 13:59:26.611 INFO  [restartedMain] org.hibernate.orm.connections.pooling - HHH10001005: Database info:
	Database JDBC URL [jdbc:postgresql://localhost:5432/student_management]
	Database driver: PostgreSQL JDBC Driver
	Database dialect: PostgreSQLDialect
	Database version: 18.6
	Default catalog/schema: student_management/public
	Autocommit mode: undefined/unknown
	Isolation level: READ_COMMITTED [default READ_COMMITTED]
	JDBC fetch size: none
	Pool: DataSourceConnectionProvider
	Minimum pool size: undefined/unknown
	Maximum pool size: undefined/unknown
2026-09-04 13:59:26.644 INFO  [restartedMain] org.hibernate.orm.core - HHH000489: No JTA platform available (set 'hibernate.transaction.jta.platform' to enable JTA platform integration)
2026-09-04 13:59:26.665 WARN  [restartedMain] org.hibernate.orm.jdbc.warn - HHH000247: ErrorCode: 0, SQLState: 00000
2026-09-04 13:59:26.665 WARN  [restartedMain] org.hibernate.orm.jdbc.warn - constraint "uk_students_student_name" of relation "students" does not exist, skipping
2026-09-04 13:59:26.665 INFO  [restartedMain] o.s.o.j.LocalContainerEntityManagerFactoryBean - Initialized JPA EntityManagerFactory for persistence unit 'default'
2026-09-04 13:59:26.693 INFO  [restartedMain] o.s.s.c.a.a.c.InitializeUserDetailsBeanManagerConfigurer$InitializeUserDetailsManagerConfigurer - Global AuthenticationManager configured with UserDetailsService bean with name userDetailsService
2026-09-04 13:59:26.785 INFO  [restartedMain] o.s.boot.tomcat.TomcatWebServer - Tomcat started on port 8080 (http) with context path '/'
2026-09-04 13:59:26.786 INFO  [restartedMain] c.b.a.ApiStudentManagementApplication - Started ApiStudentManagementApplication in 0.339 seconds (process running for 481.278)
2026-09-04 13:59:26.786 INFO  [restartedMain] o.s.b.d.a.ConditionEvaluationDeltaLoggingListener - Condition evaluation unchanged
2026-09-04 13:59:30.201 INFO  [File Watcher] o.s.b.d.a.LocalDevToolsAutoConfiguration$RestartingClassPathChangeChangedEventListener - Restarting due to 1 class path change (0 additions, 0 deletions, 1 modification)
2026-09-04 13:59:30.203 INFO  [Thread-42] o.s.boot.tomcat.GracefulShutdown - Commencing graceful shutdown. Waiting for active requests to complete
2026-09-04 13:59:30.206 INFO  [tomcat-shutdown] o.s.boot.tomcat.GracefulShutdown - Graceful shutdown complete
2026-09-04 13:59:30.208 INFO  [Thread-42] o.s.o.j.LocalContainerEntityManagerFactoryBean - Closing JPA EntityManagerFactory for persistence unit 'default'
2026-09-04 13:59:30.209 INFO  [Thread-42] com.zaxxer.hikari.HikariDataSource - HikariPool-11 - Shutdown initiated...
2026-09-04 13:59:30.210 INFO  [Thread-42] com.zaxxer.hikari.HikariDataSource - HikariPool-11 - Shutdown completed.
2026-09-04 13:59:30.263 INFO  [restartedMain] c.b.a.ApiStudentManagementApplication - Starting ApiStudentManagementApplication using Java 21.0.10 with PID 44123 (/Users/macbook/Downloads/api_student_management/target/classes started by macbook in /Users/macbook/Downloads/api_student_management)
2026-09-04 13:59:30.263 INFO  [restartedMain] c.b.a.ApiStudentManagementApplication - No active profile set, falling back to 1 default profile: "default"
2026-09-04 13:59:30.320 INFO  [restartedMain] o.s.d.r.c.RepositoryConfigurationDelegate - Bootstrapping Spring Data JPA repositories in DEFAULT mode.
2026-09-04 13:59:30.323 INFO  [restartedMain] o.s.d.r.c.RepositoryConfigurationDelegate - Finished Spring Data repository scanning in 2 ms. Found 2 JPA repository interfaces.
2026-09-04 13:59:30.364 INFO  [restartedMain] o.s.boot.tomcat.TomcatWebServer - Tomcat initialized with port 8080 (http)
2026-09-04 13:59:30.365 INFO  [restartedMain] o.apache.catalina.core.StandardService - Starting service [Tomcat]
2026-09-04 13:59:30.365 INFO  [restartedMain] org.apache.catalina.core.StandardEngine - Starting Servlet engine: [Apache Tomcat/11.0.24]
2026-09-04 13:59:30.370 INFO  [restartedMain] o.s.b.w.c.s.WebApplicationContextInitializer - Root WebApplicationContext: initialization completed in 106 ms
2026-09-04 13:59:30.392 INFO  [restartedMain] org.hibernate.orm.jpa - HHH008540: Processing PersistenceUnitInfo [name: default]
2026-09-04 13:59:30.400 INFO  [restartedMain] o.s.o.j.p.SpringPersistenceUnitInfo - No LoadTimeWeaver setup: ignoring JPA class transformer
2026-09-04 13:59:30.400 INFO  [restartedMain] com.zaxxer.hikari.HikariDataSource - HikariPool-12 - Starting...
2026-09-04 13:59:30.407 INFO  [restartedMain] com.zaxxer.hikari.pool.HikariPool - HikariPool-12 - Added connection org.postgresql.jdbc.PgConnection@13058b2
2026-09-04 13:59:30.408 INFO  [restartedMain] com.zaxxer.hikari.HikariDataSource - HikariPool-12 - Start completed.
2026-09-04 13:59:30.415 INFO  [restartedMain] org.hibernate.orm.connections.pooling - HHH10001005: Database info:
	Database JDBC URL [jdbc:postgresql://localhost:5432/student_management]
	Database driver: PostgreSQL JDBC Driver
	Database dialect: PostgreSQLDialect
	Database version: 18.6
	Default catalog/schema: student_management/public
	Autocommit mode: undefined/unknown
	Isolation level: READ_COMMITTED [default READ_COMMITTED]
	JDBC fetch size: none
	Pool: DataSourceConnectionProvider
	Minimum pool size: undefined/unknown
	Maximum pool size: undefined/unknown
2026-09-04 13:59:30.448 INFO  [restartedMain] org.hibernate.orm.core - HHH000489: No JTA platform available (set 'hibernate.transaction.jta.platform' to enable JTA platform integration)
2026-09-04 13:59:30.474 WARN  [restartedMain] org.hibernate.orm.jdbc.warn - HHH000247: ErrorCode: 0, SQLState: 00000
2026-09-04 13:59:30.474 WARN  [restartedMain] org.hibernate.orm.jdbc.warn - constraint "uk_students_student_name" of relation "students" does not exist, skipping
2026-09-04 13:59:30.475 INFO  [restartedMain] o.s.o.j.LocalContainerEntityManagerFactoryBean - Initialized JPA EntityManagerFactory for persistence unit 'default'
2026-09-04 13:59:30.502 INFO  [restartedMain] o.s.s.c.a.a.c.InitializeUserDetailsBeanManagerConfigurer$InitializeUserDetailsManagerConfigurer - Global AuthenticationManager configured with UserDetailsService bean with name userDetailsService
2026-09-04 13:59:30.594 INFO  [restartedMain] o.s.boot.tomcat.TomcatWebServer - Tomcat started on port 8080 (http) with context path '/'
2026-09-04 13:59:30.596 INFO  [restartedMain] c.b.a.ApiStudentManagementApplication - Started ApiStudentManagementApplication in 0.345 seconds (process running for 485.088)
2026-09-04 13:59:30.596 INFO  [restartedMain] o.s.b.d.a.ConditionEvaluationDeltaLoggingListener - Condition evaluation unchanged
2026-09-04 13:59:37.034 INFO  [File Watcher] o.s.b.d.a.LocalDevToolsAutoConfiguration$RestartingClassPathChangeChangedEventListener - Restarting due to 1 class path change (0 additions, 0 deletions, 1 modification)
2026-09-04 13:59:37.037 INFO  [Thread-46] o.s.boot.tomcat.GracefulShutdown - Commencing graceful shutdown. Waiting for active requests to complete
2026-09-04 13:59:37.041 INFO  [tomcat-shutdown] o.s.boot.tomcat.GracefulShutdown - Graceful shutdown complete
2026-09-04 13:59:37.044 INFO  [Thread-46] o.s.o.j.LocalContainerEntityManagerFactoryBean - Closing JPA EntityManagerFactory for persistence unit 'default'
2026-09-04 13:59:37.044 INFO  [Thread-46] com.zaxxer.hikari.HikariDataSource - HikariPool-12 - Shutdown initiated...
2026-09-04 13:59:37.045 INFO  [Thread-46] com.zaxxer.hikari.HikariDataSource - HikariPool-12 - Shutdown completed.
2026-09-04 13:59:37.101 INFO  [restartedMain] c.b.a.ApiStudentManagementApplication - Starting ApiStudentManagementApplication using Java 21.0.10 with PID 44123 (/Users/macbook/Downloads/api_student_management/target/classes started by macbook in /Users/macbook/Downloads/api_student_management)
2026-09-04 13:59:37.102 INFO  [restartedMain] c.b.a.ApiStudentManagementApplication - No active profile set, falling back to 1 default profile: "default"
2026-09-04 13:59:37.158 INFO  [restartedMain] o.s.d.r.c.RepositoryConfigurationDelegate - Bootstrapping Spring Data JPA repositories in DEFAULT mode.
2026-09-04 13:59:37.161 INFO  [restartedMain] o.s.d.r.c.RepositoryConfigurationDelegate - Finished Spring Data repository scanning in 2 ms. Found 2 JPA repository interfaces.
2026-09-04 13:59:37.198 INFO  [restartedMain] o.s.boot.tomcat.TomcatWebServer - Tomcat initialized with port 8080 (http)
2026-09-04 13:59:37.198 INFO  [restartedMain] o.apache.catalina.core.StandardService - Starting service [Tomcat]
2026-09-04 13:59:37.198 INFO  [restartedMain] org.apache.catalina.core.StandardEngine - Starting Servlet engine: [Apache Tomcat/11.0.24]
2026-09-04 13:59:37.204 INFO  [restartedMain] o.s.b.w.c.s.WebApplicationContextInitializer - Root WebApplicationContext: initialization completed in 102 ms
2026-09-04 13:59:37.220 INFO  [restartedMain] org.hibernate.orm.jpa - HHH008540: Processing PersistenceUnitInfo [name: default]
2026-09-04 13:59:37.228 INFO  [restartedMain] o.s.o.j.p.SpringPersistenceUnitInfo - No LoadTimeWeaver setup: ignoring JPA class transformer
2026-09-04 13:59:37.228 INFO  [restartedMain] com.zaxxer.hikari.HikariDataSource - HikariPool-13 - Starting...
2026-09-04 13:59:37.234 INFO  [restartedMain] com.zaxxer.hikari.pool.HikariPool - HikariPool-13 - Added connection org.postgresql.jdbc.PgConnection@249bb1f
2026-09-04 13:59:37.235 INFO  [restartedMain] com.zaxxer.hikari.HikariDataSource - HikariPool-13 - Start completed.
2026-09-04 13:59:37.241 INFO  [restartedMain] org.hibernate.orm.connections.pooling - HHH10001005: Database info:
	Database JDBC URL [jdbc:postgresql://localhost:5432/student_management]
	Database driver: PostgreSQL JDBC Driver
	Database dialect: PostgreSQLDialect
	Database version: 18.6
	Default catalog/schema: student_management/public
	Autocommit mode: undefined/unknown
	Isolation level: READ_COMMITTED [default READ_COMMITTED]
	JDBC fetch size: none
	Pool: DataSourceConnectionProvider
	Minimum pool size: undefined/unknown
	Maximum pool size: undefined/unknown
2026-09-04 13:59:37.271 INFO  [restartedMain] org.hibernate.orm.core - HHH000489: No JTA platform available (set 'hibernate.transaction.jta.platform' to enable JTA platform integration)
2026-09-04 13:59:37.293 WARN  [restartedMain] org.hibernate.orm.jdbc.warn - HHH000247: ErrorCode: 0, SQLState: 00000
2026-09-04 13:59:37.293 WARN  [restartedMain] org.hibernate.orm.jdbc.warn - constraint "uk_students_student_name" of relation "students" does not exist, skipping
2026-09-04 13:59:37.294 INFO  [restartedMain] o.s.o.j.LocalContainerEntityManagerFactoryBean - Initialized JPA EntityManagerFactory for persistence unit 'default'
2026-09-04 13:59:37.320 INFO  [restartedMain] o.s.s.c.a.a.c.InitializeUserDetailsBeanManagerConfigurer$InitializeUserDetailsManagerConfigurer - Global AuthenticationManager configured with UserDetailsService bean with name userDetailsService
2026-09-04 13:59:37.408 INFO  [restartedMain] o.s.boot.tomcat.TomcatWebServer - Tomcat started on port 8080 (http) with context path '/'
2026-09-04 13:59:37.410 INFO  [restartedMain] c.b.a.ApiStudentManagementApplication - Started ApiStudentManagementApplication in 0.321 seconds (process running for 491.902)
2026-09-04 13:59:37.410 INFO  [restartedMain] o.s.b.d.a.ConditionEvaluationDeltaLoggingListener - Condition evaluation unchanged
2026-09-04 14:00:00.034 INFO  [File Watcher] o.s.b.d.a.LocalDevToolsAutoConfiguration$RestartingClassPathChangeChangedEventListener - Restarting due to 1 class path change (0 additions, 0 deletions, 1 modification)
2026-09-04 14:00:00.035 INFO  [Thread-50] o.s.boot.tomcat.GracefulShutdown - Commencing graceful shutdown. Waiting for active requests to complete
2026-09-04 14:00:00.037 INFO  [tomcat-shutdown] o.s.boot.tomcat.GracefulShutdown - Graceful shutdown complete
2026-09-04 14:00:00.039 INFO  [Thread-50] o.s.o.j.LocalContainerEntityManagerFactoryBean - Closing JPA EntityManagerFactory for persistence unit 'default'
2026-09-04 14:00:00.039 INFO  [Thread-50] com.zaxxer.hikari.HikariDataSource - HikariPool-13 - Shutdown initiated...
2026-09-04 14:00:00.040 INFO  [Thread-50] com.zaxxer.hikari.HikariDataSource - HikariPool-13 - Shutdown completed.
2026-09-04 14:00:00.087 INFO  [restartedMain] c.b.a.ApiStudentManagementApplication - Starting ApiStudentManagementApplication using Java 21.0.10 with PID 44123 (/Users/macbook/Downloads/api_student_management/target/classes started by macbook in /Users/macbook/Downloads/api_student_management)
2026-09-04 14:00:00.087 INFO  [restartedMain] c.b.a.ApiStudentManagementApplication - No active profile set, falling back to 1 default profile: "default"
2026-09-04 14:00:00.141 INFO  [restartedMain] o.s.d.r.c.RepositoryConfigurationDelegate - Bootstrapping Spring Data JPA repositories in DEFAULT mode.
2026-09-04 14:00:00.145 INFO  [restartedMain] o.s.d.r.c.RepositoryConfigurationDelegate - Finished Spring Data repository scanning in 3 ms. Found 2 JPA repository interfaces.
2026-09-04 14:00:00.181 INFO  [restartedMain] o.s.boot.tomcat.TomcatWebServer - Tomcat initialized with port 8080 (http)
2026-09-04 14:00:00.181 INFO  [restartedMain] o.apache.catalina.core.StandardService - Starting service [Tomcat]
2026-09-04 14:00:00.181 INFO  [restartedMain] org.apache.catalina.core.StandardEngine - Starting Servlet engine: [Apache Tomcat/11.0.24]
2026-09-04 14:00:00.188 INFO  [restartedMain] o.s.b.w.c.s.WebApplicationContextInitializer - Root WebApplicationContext: initialization completed in 100 ms
2026-09-04 14:00:00.207 INFO  [restartedMain] org.hibernate.orm.jpa - HHH008540: Processing PersistenceUnitInfo [name: default]
2026-09-04 14:00:00.215 INFO  [restartedMain] o.s.o.j.p.SpringPersistenceUnitInfo - No LoadTimeWeaver setup: ignoring JPA class transformer
2026-09-04 14:00:00.215 INFO  [restartedMain] com.zaxxer.hikari.HikariDataSource - HikariPool-14 - Starting...
2026-09-04 14:00:00.221 INFO  [restartedMain] com.zaxxer.hikari.pool.HikariPool - HikariPool-14 - Added connection org.postgresql.jdbc.PgConnection@472322f
2026-09-04 14:00:00.221 INFO  [restartedMain] com.zaxxer.hikari.HikariDataSource - HikariPool-14 - Start completed.
2026-09-04 14:00:00.227 INFO  [restartedMain] org.hibernate.orm.connections.pooling - HHH10001005: Database info:
	Database JDBC URL [jdbc:postgresql://localhost:5432/student_management]
	Database driver: PostgreSQL JDBC Driver
	Database dialect: PostgreSQLDialect
	Database version: 18.6
	Default catalog/schema: student_management/public
	Autocommit mode: undefined/unknown
	Isolation level: READ_COMMITTED [default READ_COMMITTED]
	JDBC fetch size: none
	Pool: DataSourceConnectionProvider
	Minimum pool size: undefined/unknown
	Maximum pool size: undefined/unknown
2026-09-04 14:00:00.262 INFO  [restartedMain] org.hibernate.orm.core - HHH000489: No JTA platform available (set 'hibernate.transaction.jta.platform' to enable JTA platform integration)
2026-09-04 14:00:00.283 WARN  [restartedMain] org.hibernate.orm.jdbc.warn - HHH000247: ErrorCode: 0, SQLState: 00000
2026-09-04 14:00:00.283 WARN  [restartedMain] org.hibernate.orm.jdbc.warn - constraint "uk_students_student_name" of relation "students" does not exist, skipping
2026-09-04 14:00:00.284 INFO  [restartedMain] o.s.o.j.LocalContainerEntityManagerFactoryBean - Initialized JPA EntityManagerFactory for persistence unit 'default'
2026-09-04 14:00:00.309 INFO  [restartedMain] o.s.s.c.a.a.c.InitializeUserDetailsBeanManagerConfigurer$InitializeUserDetailsManagerConfigurer - Global AuthenticationManager configured with UserDetailsService bean with name userDetailsService
2026-09-04 14:00:00.404 INFO  [restartedMain] o.s.boot.tomcat.TomcatWebServer - Tomcat started on port 8080 (http) with context path '/'
2026-09-04 14:00:00.405 INFO  [restartedMain] c.b.a.ApiStudentManagementApplication - Started ApiStudentManagementApplication in 0.329 seconds (process running for 514.898)
2026-09-04 14:00:00.406 INFO  [restartedMain] o.s.b.d.a.ConditionEvaluationDeltaLoggingListener - Condition evaluation unchanged
2026-09-04 14:00:01.806 INFO  [File Watcher] o.s.b.d.a.LocalDevToolsAutoConfiguration$RestartingClassPathChangeChangedEventListener - Restarting due to 1 class path change (0 additions, 0 deletions, 1 modification)
2026-09-04 14:00:01.809 INFO  [Thread-54] o.s.boot.tomcat.GracefulShutdown - Commencing graceful shutdown. Waiting for active requests to complete
2026-09-04 14:00:01.813 INFO  [tomcat-shutdown] o.s.boot.tomcat.GracefulShutdown - Graceful shutdown complete
2026-09-04 14:00:01.816 INFO  [Thread-54] o.s.o.j.LocalContainerEntityManagerFactoryBean - Closing JPA EntityManagerFactory for persistence unit 'default'
2026-09-04 14:00:01.816 INFO  [Thread-54] com.zaxxer.hikari.HikariDataSource - HikariPool-14 - Shutdown initiated...
2026-09-04 14:00:01.817 INFO  [Thread-54] com.zaxxer.hikari.HikariDataSource - HikariPool-14 - Shutdown completed.
2026-09-04 14:00:01.874 INFO  [restartedMain] c.b.a.ApiStudentManagementApplication - Starting ApiStudentManagementApplication using Java 21.0.10 with PID 44123 (/Users/macbook/Downloads/api_student_management/target/classes started by macbook in /Users/macbook/Downloads/api_student_management)
2026-09-04 14:00:01.874 INFO  [restartedMain] c.b.a.ApiStudentManagementApplication - No active profile set, falling back to 1 default profile: "default"
2026-09-04 14:00:01.929 INFO  [restartedMain] o.s.d.r.c.RepositoryConfigurationDelegate - Bootstrapping Spring Data JPA repositories in DEFAULT mode.
2026-09-04 14:00:01.933 INFO  [restartedMain] o.s.d.r.c.RepositoryConfigurationDelegate - Finished Spring Data repository scanning in 2 ms. Found 2 JPA repository interfaces.
2026-09-04 14:00:01.969 INFO  [restartedMain] o.s.boot.tomcat.TomcatWebServer - Tomcat initialized with port 8080 (http)
2026-09-04 14:00:01.969 INFO  [restartedMain] o.apache.catalina.core.StandardService - Starting service [Tomcat]
2026-09-04 14:00:01.969 INFO  [restartedMain] org.apache.catalina.core.StandardEngine - Starting Servlet engine: [Apache Tomcat/11.0.24]
2026-09-04 14:00:01.974 INFO  [restartedMain] o.s.b.w.c.s.WebApplicationContextInitializer - Root WebApplicationContext: initialization completed in 99 ms
2026-09-04 14:00:01.991 INFO  [restartedMain] org.hibernate.orm.jpa - HHH008540: Processing PersistenceUnitInfo [name: default]
2026-09-04 14:00:01.999 INFO  [restartedMain] o.s.o.j.p.SpringPersistenceUnitInfo - No LoadTimeWeaver setup: ignoring JPA class transformer
2026-09-04 14:00:01.999 INFO  [restartedMain] com.zaxxer.hikari.HikariDataSource - HikariPool-15 - Starting...
2026-09-04 14:00:02.006 INFO  [restartedMain] com.zaxxer.hikari.pool.HikariPool - HikariPool-15 - Added connection org.postgresql.jdbc.PgConnection@79a49f19
2026-09-04 14:00:02.006 INFO  [restartedMain] com.zaxxer.hikari.HikariDataSource - HikariPool-15 - Start completed.
2026-09-04 14:00:02.013 INFO  [restartedMain] org.hibernate.orm.connections.pooling - HHH10001005: Database info:
	Database JDBC URL [jdbc:postgresql://localhost:5432/student_management]
	Database driver: PostgreSQL JDBC Driver
	Database dialect: PostgreSQLDialect
	Database version: 18.6
	Default catalog/schema: student_management/public
	Autocommit mode: undefined/unknown
	Isolation level: READ_COMMITTED [default READ_COMMITTED]
	JDBC fetch size: none
	Pool: DataSourceConnectionProvider
	Minimum pool size: undefined/unknown
	Maximum pool size: undefined/unknown
2026-09-04 14:00:02.044 INFO  [restartedMain] org.hibernate.orm.core - HHH000489: No JTA platform available (set 'hibernate.transaction.jta.platform' to enable JTA platform integration)
2026-09-04 14:00:02.066 WARN  [restartedMain] org.hibernate.orm.jdbc.warn - HHH000247: ErrorCode: 0, SQLState: 00000
2026-09-04 14:00:02.066 WARN  [restartedMain] org.hibernate.orm.jdbc.warn - constraint "uk_students_student_name" of relation "students" does not exist, skipping
2026-09-04 14:00:02.067 INFO  [restartedMain] o.s.o.j.LocalContainerEntityManagerFactoryBean - Initialized JPA EntityManagerFactory for persistence unit 'default'
2026-09-04 14:00:02.093 INFO  [restartedMain] o.s.s.c.a.a.c.InitializeUserDetailsBeanManagerConfigurer$InitializeUserDetailsManagerConfigurer - Global AuthenticationManager configured with UserDetailsService bean with name userDetailsService
2026-09-04 14:00:02.180 INFO  [restartedMain] o.s.boot.tomcat.TomcatWebServer - Tomcat started on port 8080 (http) with context path '/'
2026-09-04 14:00:02.181 INFO  [restartedMain] c.b.a.ApiStudentManagementApplication - Started ApiStudentManagementApplication in 0.319 seconds (process running for 516.674)
2026-09-04 14:00:02.182 INFO  [restartedMain] o.s.b.d.a.ConditionEvaluationDeltaLoggingListener - Condition evaluation unchanged
2026-09-04 14:00:04.598 INFO  [File Watcher] o.s.b.d.a.LocalDevToolsAutoConfiguration$RestartingClassPathChangeChangedEventListener - Restarting due to 1 class path change (0 additions, 0 deletions, 1 modification)
2026-09-04 14:00:04.599 INFO  [Thread-58] o.s.boot.tomcat.GracefulShutdown - Commencing graceful shutdown. Waiting for active requests to complete
2026-09-04 14:00:04.601 INFO  [tomcat-shutdown] o.s.boot.tomcat.GracefulShutdown - Graceful shutdown complete
2026-09-04 14:00:04.602 INFO  [Thread-58] o.s.o.j.LocalContainerEntityManagerFactoryBean - Closing JPA EntityManagerFactory for persistence unit 'default'
2026-09-04 14:00:04.602 INFO  [Thread-58] com.zaxxer.hikari.HikariDataSource - HikariPool-15 - Shutdown initiated...
2026-09-04 14:00:04.602 INFO  [Thread-58] com.zaxxer.hikari.HikariDataSource - HikariPool-15 - Shutdown completed.
2026-09-04 14:00:04.653 INFO  [restartedMain] c.b.a.ApiStudentManagementApplication - Starting ApiStudentManagementApplication using Java 21.0.10 with PID 44123 (/Users/macbook/Downloads/api_student_management/target/classes started by macbook in /Users/macbook/Downloads/api_student_management)
2026-09-04 14:00:04.653 INFO  [restartedMain] c.b.a.ApiStudentManagementApplication - No active profile set, falling back to 1 default profile: "default"
2026-09-04 14:00:04.714 INFO  [restartedMain] o.s.d.r.c.RepositoryConfigurationDelegate - Bootstrapping Spring Data JPA repositories in DEFAULT mode.
2026-09-04 14:00:04.718 INFO  [restartedMain] o.s.d.r.c.RepositoryConfigurationDelegate - Finished Spring Data repository scanning in 3 ms. Found 2 JPA repository interfaces.
2026-09-04 14:00:04.760 INFO  [restartedMain] o.s.boot.tomcat.TomcatWebServer - Tomcat initialized with port 8080 (http)
2026-09-04 14:00:04.761 INFO  [restartedMain] o.apache.catalina.core.StandardService - Starting service [Tomcat]
2026-09-04 14:00:04.761 INFO  [restartedMain] org.apache.catalina.core.StandardEngine - Starting Servlet engine: [Apache Tomcat/11.0.24]
2026-09-04 14:00:04.767 INFO  [restartedMain] o.s.b.w.c.s.WebApplicationContextInitializer - Root WebApplicationContext: initialization completed in 113 ms
2026-09-04 14:00:04.784 INFO  [restartedMain] org.hibernate.orm.jpa - HHH008540: Processing PersistenceUnitInfo [name: default]
2026-09-04 14:00:04.793 INFO  [restartedMain] o.s.o.j.p.SpringPersistenceUnitInfo - No LoadTimeWeaver setup: ignoring JPA class transformer
2026-09-04 14:00:04.793 INFO  [restartedMain] com.zaxxer.hikari.HikariDataSource - HikariPool-16 - Starting...
2026-09-04 14:00:04.799 INFO  [restartedMain] com.zaxxer.hikari.pool.HikariPool - HikariPool-16 - Added connection org.postgresql.jdbc.PgConnection@4b3ce69f
2026-09-04 14:00:04.799 INFO  [restartedMain] com.zaxxer.hikari.HikariDataSource - HikariPool-16 - Start completed.
2026-09-04 14:00:04.806 INFO  [restartedMain] org.hibernate.orm.connections.pooling - HHH10001005: Database info:
	Database JDBC URL [jdbc:postgresql://localhost:5432/student_management]
	Database driver: PostgreSQL JDBC Driver
	Database dialect: PostgreSQLDialect
	Database version: 18.6
	Default catalog/schema: student_management/public
	Autocommit mode: undefined/unknown
	Isolation level: READ_COMMITTED [default READ_COMMITTED]
	JDBC fetch size: none
	Pool: DataSourceConnectionProvider
	Minimum pool size: undefined/unknown
	Maximum pool size: undefined/unknown
2026-09-04 14:00:04.836 INFO  [restartedMain] org.hibernate.orm.core - HHH000489: No JTA platform available (set 'hibernate.transaction.jta.platform' to enable JTA platform integration)
2026-09-04 14:00:04.857 WARN  [restartedMain] org.hibernate.orm.jdbc.warn - HHH000247: ErrorCode: 0, SQLState: 00000
2026-09-04 14:00:04.857 WARN  [restartedMain] org.hibernate.orm.jdbc.warn - constraint "uk_students_student_name" of relation "students" does not exist, skipping
2026-09-04 14:00:04.858 INFO  [restartedMain] o.s.o.j.LocalContainerEntityManagerFactoryBean - Initialized JPA EntityManagerFactory for persistence unit 'default'
2026-09-04 14:00:04.884 INFO  [restartedMain] o.s.s.c.a.a.c.InitializeUserDetailsBeanManagerConfigurer$InitializeUserDetailsManagerConfigurer - Global AuthenticationManager configured with UserDetailsService bean with name userDetailsService
2026-09-04 14:00:04.979 INFO  [restartedMain] o.s.boot.tomcat.TomcatWebServer - Tomcat started on port 8080 (http) with context path '/'
2026-09-04 14:00:04.980 INFO  [restartedMain] c.b.a.ApiStudentManagementApplication - Started ApiStudentManagementApplication in 0.339 seconds (process running for 519.472)
2026-09-04 14:00:04.980 INFO  [restartedMain] o.s.b.d.a.ConditionEvaluationDeltaLoggingListener - Condition evaluation unchanged
2026-09-04 14:00:19.527 INFO  [File Watcher] o.s.b.d.a.LocalDevToolsAutoConfiguration$RestartingClassPathChangeChangedEventListener - Restarting due to 1 class path change (0 additions, 0 deletions, 1 modification)
2026-09-04 14:00:19.528 INFO  [Thread-62] o.s.boot.tomcat.GracefulShutdown - Commencing graceful shutdown. Waiting for active requests to complete
2026-09-04 14:00:19.531 INFO  [tomcat-shutdown] o.s.boot.tomcat.GracefulShutdown - Graceful shutdown complete
2026-09-04 14:00:19.532 INFO  [Thread-62] o.s.o.j.LocalContainerEntityManagerFactoryBean - Closing JPA EntityManagerFactory for persistence unit 'default'
2026-09-04 14:00:19.533 INFO  [Thread-62] com.zaxxer.hikari.HikariDataSource - HikariPool-16 - Shutdown initiated...
2026-09-04 14:00:19.533 INFO  [Thread-62] com.zaxxer.hikari.HikariDataSource - HikariPool-16 - Shutdown completed.
2026-09-04 14:00:19.581 INFO  [restartedMain] c.b.a.ApiStudentManagementApplication - Starting ApiStudentManagementApplication using Java 21.0.10 with PID 44123 (/Users/macbook/Downloads/api_student_management/target/classes started by macbook in /Users/macbook/Downloads/api_student_management)
2026-09-04 14:00:19.581 INFO  [restartedMain] c.b.a.ApiStudentManagementApplication - No active profile set, falling back to 1 default profile: "default"
2026-09-04 14:00:19.635 INFO  [restartedMain] o.s.d.r.c.RepositoryConfigurationDelegate - Bootstrapping Spring Data JPA repositories in DEFAULT mode.
2026-09-04 14:00:19.638 INFO  [restartedMain] o.s.d.r.c.RepositoryConfigurationDelegate - Finished Spring Data repository scanning in 2 ms. Found 2 JPA repository interfaces.
2026-09-04 14:00:19.673 INFO  [restartedMain] o.s.boot.tomcat.TomcatWebServer - Tomcat initialized with port 8080 (http)
2026-09-04 14:00:19.674 INFO  [restartedMain] o.apache.catalina.core.StandardService - Starting service [Tomcat]
2026-09-04 14:00:19.674 INFO  [restartedMain] org.apache.catalina.core.StandardEngine - Starting Servlet engine: [Apache Tomcat/11.0.24]
2026-09-04 14:00:19.679 INFO  [restartedMain] o.s.b.w.c.s.WebApplicationContextInitializer - Root WebApplicationContext: initialization completed in 97 ms
2026-09-04 14:00:19.696 INFO  [restartedMain] org.hibernate.orm.jpa - HHH008540: Processing PersistenceUnitInfo [name: default]
2026-09-04 14:00:19.703 INFO  [restartedMain] o.s.o.j.p.SpringPersistenceUnitInfo - No LoadTimeWeaver setup: ignoring JPA class transformer
2026-09-04 14:00:19.704 INFO  [restartedMain] com.zaxxer.hikari.HikariDataSource - HikariPool-17 - Starting...
2026-09-04 14:00:19.711 INFO  [restartedMain] com.zaxxer.hikari.pool.HikariPool - HikariPool-17 - Added connection org.postgresql.jdbc.PgConnection@3c2660af
2026-09-04 14:00:19.711 INFO  [restartedMain] com.zaxxer.hikari.HikariDataSource - HikariPool-17 - Start completed.
2026-09-04 14:00:19.719 INFO  [restartedMain] org.hibernate.orm.connections.pooling - HHH10001005: Database info:
	Database JDBC URL [jdbc:postgresql://localhost:5432/student_management]
	Database driver: PostgreSQL JDBC Driver
	Database dialect: PostgreSQLDialect
	Database version: 18.6
	Default catalog/schema: student_management/public
	Autocommit mode: undefined/unknown
	Isolation level: READ_COMMITTED [default READ_COMMITTED]
	JDBC fetch size: none
	Pool: DataSourceConnectionProvider
	Minimum pool size: undefined/unknown
	Maximum pool size: undefined/unknown
2026-09-04 14:00:19.753 INFO  [restartedMain] org.hibernate.orm.core - HHH000489: No JTA platform available (set 'hibernate.transaction.jta.platform' to enable JTA platform integration)
2026-09-04 14:00:19.775 WARN  [restartedMain] org.hibernate.orm.jdbc.warn - HHH000247: ErrorCode: 0, SQLState: 00000
2026-09-04 14:00:19.775 WARN  [restartedMain] org.hibernate.orm.jdbc.warn - constraint "uk_students_student_name" of relation "students" does not exist, skipping
2026-09-04 14:00:19.775 INFO  [restartedMain] o.s.o.j.LocalContainerEntityManagerFactoryBean - Initialized JPA EntityManagerFactory for persistence unit 'default'
2026-09-04 14:00:19.801 INFO  [restartedMain] o.s.s.c.a.a.c.InitializeUserDetailsBeanManagerConfigurer$InitializeUserDetailsManagerConfigurer - Global AuthenticationManager configured with UserDetailsService bean with name userDetailsService
2026-09-04 14:00:19.887 INFO  [restartedMain] o.s.boot.tomcat.TomcatWebServer - Tomcat started on port 8080 (http) with context path '/'
2026-09-04 14:00:19.888 INFO  [restartedMain] c.b.a.ApiStudentManagementApplication - Started ApiStudentManagementApplication in 0.318 seconds (process running for 534.381)
2026-09-04 14:00:19.889 INFO  [restartedMain] o.s.b.d.a.ConditionEvaluationDeltaLoggingListener - Condition evaluation unchanged
2026-09-04 14:00:32.417 INFO  [File Watcher] o.s.b.d.a.LocalDevToolsAutoConfiguration$RestartingClassPathChangeChangedEventListener - Restarting due to 1 class path change (0 additions, 0 deletions, 1 modification)
2026-09-04 14:00:32.417 INFO  [Thread-66] o.s.boot.tomcat.GracefulShutdown - Commencing graceful shutdown. Waiting for active requests to complete
2026-09-04 14:00:32.419 INFO  [tomcat-shutdown] o.s.boot.tomcat.GracefulShutdown - Graceful shutdown complete
2026-09-04 14:00:32.420 INFO  [Thread-66] o.s.o.j.LocalContainerEntityManagerFactoryBean - Closing JPA EntityManagerFactory for persistence unit 'default'
2026-09-04 14:00:32.420 INFO  [Thread-66] com.zaxxer.hikari.HikariDataSource - HikariPool-17 - Shutdown initiated...
2026-09-04 14:00:32.421 INFO  [Thread-66] com.zaxxer.hikari.HikariDataSource - HikariPool-17 - Shutdown completed.
2026-09-04 14:00:32.463 INFO  [restartedMain] c.b.a.ApiStudentManagementApplication - Starting ApiStudentManagementApplication using Java 21.0.10 with PID 44123 (/Users/macbook/Downloads/api_student_management/target/classes started by macbook in /Users/macbook/Downloads/api_student_management)
2026-09-04 14:00:32.463 INFO  [restartedMain] c.b.a.ApiStudentManagementApplication - No active profile set, falling back to 1 default profile: "default"
2026-09-04 14:00:32.521 INFO  [restartedMain] o.s.d.r.c.RepositoryConfigurationDelegate - Bootstrapping Spring Data JPA repositories in DEFAULT mode.
2026-09-04 14:00:32.524 INFO  [restartedMain] o.s.d.r.c.RepositoryConfigurationDelegate - Finished Spring Data repository scanning in 3 ms. Found 2 JPA repository interfaces.
2026-09-04 14:00:32.561 INFO  [restartedMain] o.s.boot.tomcat.TomcatWebServer - Tomcat initialized with port 8080 (http)
2026-09-04 14:00:32.562 INFO  [restartedMain] o.apache.catalina.core.StandardService - Starting service [Tomcat]
2026-09-04 14:00:32.562 INFO  [restartedMain] org.apache.catalina.core.StandardEngine - Starting Servlet engine: [Apache Tomcat/11.0.24]
2026-09-04 14:00:32.567 INFO  [restartedMain] o.s.b.w.c.s.WebApplicationContextInitializer - Root WebApplicationContext: initialization completed in 103 ms
2026-09-04 14:00:32.585 INFO  [restartedMain] org.hibernate.orm.jpa - HHH008540: Processing PersistenceUnitInfo [name: default]
2026-09-04 14:00:32.593 INFO  [restartedMain] o.s.o.j.p.SpringPersistenceUnitInfo - No LoadTimeWeaver setup: ignoring JPA class transformer
2026-09-04 14:00:32.593 INFO  [restartedMain] com.zaxxer.hikari.HikariDataSource - HikariPool-18 - Starting...
2026-09-04 14:00:32.599 INFO  [restartedMain] com.zaxxer.hikari.pool.HikariPool - HikariPool-18 - Added connection org.postgresql.jdbc.PgConnection@419b407e
2026-09-04 14:00:32.599 INFO  [restartedMain] com.zaxxer.hikari.HikariDataSource - HikariPool-18 - Start completed.
2026-09-04 14:00:32.604 INFO  [restartedMain] org.hibernate.orm.connections.pooling - HHH10001005: Database info:
	Database JDBC URL [jdbc:postgresql://localhost:5432/student_management]
	Database driver: PostgreSQL JDBC Driver
	Database dialect: PostgreSQLDialect
	Database version: 18.6
	Default catalog/schema: student_management/public
	Autocommit mode: undefined/unknown
	Isolation level: READ_COMMITTED [default READ_COMMITTED]
	JDBC fetch size: none
	Pool: DataSourceConnectionProvider
	Minimum pool size: undefined/unknown
	Maximum pool size: undefined/unknown
2026-09-04 14:00:32.662 INFO  [restartedMain] org.hibernate.orm.core - HHH000489: No JTA platform available (set 'hibernate.transaction.jta.platform' to enable JTA platform integration)
2026-09-04 14:00:32.695 WARN  [restartedMain] org.hibernate.orm.jdbc.warn - HHH000247: ErrorCode: 0, SQLState: 00000
2026-09-04 14:00:32.695 WARN  [restartedMain] org.hibernate.orm.jdbc.warn - constraint "uk_students_student_name" of relation "students" does not exist, skipping
2026-09-04 14:00:32.696 INFO  [restartedMain] o.s.o.j.LocalContainerEntityManagerFactoryBean - Initialized JPA EntityManagerFactory for persistence unit 'default'
2026-09-04 14:00:32.724 INFO  [restartedMain] o.s.s.c.a.a.c.InitializeUserDetailsBeanManagerConfigurer$InitializeUserDetailsManagerConfigurer - Global AuthenticationManager configured with UserDetailsService bean with name userDetailsService
2026-09-04 14:00:32.817 INFO  [restartedMain] o.s.boot.tomcat.TomcatWebServer - Tomcat started on port 8080 (http) with context path '/'
2026-09-04 14:00:32.818 INFO  [restartedMain] c.b.a.ApiStudentManagementApplication - Started ApiStudentManagementApplication in 0.366 seconds (process running for 547.311)
2026-09-04 14:00:32.818 INFO  [restartedMain] o.s.b.d.a.ConditionEvaluationDeltaLoggingListener - Condition evaluation unchanged
2026-09-04 14:00:35.234 INFO  [File Watcher] o.s.b.d.a.LocalDevToolsAutoConfiguration$RestartingClassPathChangeChangedEventListener - Restarting due to 1 class path change (0 additions, 0 deletions, 1 modification)
2026-09-04 14:00:35.235 INFO  [Thread-70] o.s.boot.tomcat.GracefulShutdown - Commencing graceful shutdown. Waiting for active requests to complete
2026-09-04 14:00:35.237 INFO  [tomcat-shutdown] o.s.boot.tomcat.GracefulShutdown - Graceful shutdown complete
2026-09-04 14:00:35.239 INFO  [Thread-70] o.s.o.j.LocalContainerEntityManagerFactoryBean - Closing JPA EntityManagerFactory for persistence unit 'default'
2026-09-04 14:00:35.239 INFO  [Thread-70] com.zaxxer.hikari.HikariDataSource - HikariPool-18 - Shutdown initiated...
2026-09-04 14:00:35.240 INFO  [Thread-70] com.zaxxer.hikari.HikariDataSource - HikariPool-18 - Shutdown completed.
2026-09-04 14:00:35.292 INFO  [restartedMain] c.b.a.ApiStudentManagementApplication - Starting ApiStudentManagementApplication using Java 21.0.10 with PID 44123 (/Users/macbook/Downloads/api_student_management/target/classes started by macbook in /Users/macbook/Downloads/api_student_management)
2026-09-04 14:00:35.292 INFO  [restartedMain] c.b.a.ApiStudentManagementApplication - No active profile set, falling back to 1 default profile: "default"
2026-09-04 14:00:35.348 INFO  [restartedMain] o.s.d.r.c.RepositoryConfigurationDelegate - Bootstrapping Spring Data JPA repositories in DEFAULT mode.
2026-09-04 14:00:35.352 INFO  [restartedMain] o.s.d.r.c.RepositoryConfigurationDelegate - Finished Spring Data repository scanning in 3 ms. Found 2 JPA repository interfaces.
2026-09-04 14:00:35.393 INFO  [restartedMain] o.s.boot.tomcat.TomcatWebServer - Tomcat initialized with port 8080 (http)
2026-09-04 14:00:35.393 INFO  [restartedMain] o.apache.catalina.core.StandardService - Starting service [Tomcat]
2026-09-04 14:00:35.393 INFO  [restartedMain] org.apache.catalina.core.StandardEngine - Starting Servlet engine: [Apache Tomcat/11.0.24]
2026-09-04 14:00:35.398 INFO  [restartedMain] o.s.b.w.c.s.WebApplicationContextInitializer - Root WebApplicationContext: initialization completed in 105 ms
2026-09-04 14:00:35.416 INFO  [restartedMain] org.hibernate.orm.jpa - HHH008540: Processing PersistenceUnitInfo [name: default]
2026-09-04 14:00:35.424 INFO  [restartedMain] o.s.o.j.p.SpringPersistenceUnitInfo - No LoadTimeWeaver setup: ignoring JPA class transformer
2026-09-04 14:00:35.424 INFO  [restartedMain] com.zaxxer.hikari.HikariDataSource - HikariPool-19 - Starting...
2026-09-04 14:00:35.430 INFO  [restartedMain] com.zaxxer.hikari.pool.HikariPool - HikariPool-19 - Added connection org.postgresql.jdbc.PgConnection@282b5a7c
2026-09-04 14:00:35.430 INFO  [restartedMain] com.zaxxer.hikari.HikariDataSource - HikariPool-19 - Start completed.
2026-09-04 14:00:35.437 INFO  [restartedMain] org.hibernate.orm.connections.pooling - HHH10001005: Database info:
	Database JDBC URL [jdbc:postgresql://localhost:5432/student_management]
	Database driver: PostgreSQL JDBC Driver
	Database dialect: PostgreSQLDialect
	Database version: 18.6
	Default catalog/schema: student_management/public
	Autocommit mode: undefined/unknown
	Isolation level: READ_COMMITTED [default READ_COMMITTED]
	JDBC fetch size: none
	Pool: DataSourceConnectionProvider
	Minimum pool size: undefined/unknown
	Maximum pool size: undefined/unknown
2026-09-04 14:00:35.489 INFO  [restartedMain] org.hibernate.orm.core - HHH000489: No JTA platform available (set 'hibernate.transaction.jta.platform' to enable JTA platform integration)
2026-09-04 14:00:35.514 WARN  [restartedMain] org.hibernate.orm.jdbc.warn - HHH000247: ErrorCode: 0, SQLState: 00000
2026-09-04 14:00:35.514 WARN  [restartedMain] org.hibernate.orm.jdbc.warn - constraint "uk_students_student_name" of relation "students" does not exist, skipping
2026-09-04 14:00:35.515 INFO  [restartedMain] o.s.o.j.LocalContainerEntityManagerFactoryBean - Initialized JPA EntityManagerFactory for persistence unit 'default'
2026-09-04 14:00:35.548 INFO  [restartedMain] o.s.s.c.a.a.c.InitializeUserDetailsBeanManagerConfigurer$InitializeUserDetailsManagerConfigurer - Global AuthenticationManager configured with UserDetailsService bean with name userDetailsService
2026-09-04 14:00:35.645 INFO  [restartedMain] o.s.boot.tomcat.TomcatWebServer - Tomcat started on port 8080 (http) with context path '/'
2026-09-04 14:00:35.646 INFO  [restartedMain] c.b.a.ApiStudentManagementApplication - Started ApiStudentManagementApplication in 0.365 seconds (process running for 550.14)
2026-09-04 14:00:35.647 INFO  [restartedMain] o.s.b.d.a.ConditionEvaluationDeltaLoggingListener - Condition evaluation unchanged
2026-09-04 14:00:38.059 INFO  [File Watcher] o.s.b.d.a.LocalDevToolsAutoConfiguration$RestartingClassPathChangeChangedEventListener - Restarting due to 1 class path change (0 additions, 0 deletions, 1 modification)
2026-09-04 14:00:38.060 INFO  [Thread-74] o.s.boot.tomcat.GracefulShutdown - Commencing graceful shutdown. Waiting for active requests to complete
2026-09-04 14:00:38.062 INFO  [tomcat-shutdown] o.s.boot.tomcat.GracefulShutdown - Graceful shutdown complete
2026-09-04 14:00:38.063 INFO  [Thread-74] o.s.o.j.LocalContainerEntityManagerFactoryBean - Closing JPA EntityManagerFactory for persistence unit 'default'
2026-09-04 14:00:38.064 INFO  [Thread-74] com.zaxxer.hikari.HikariDataSource - HikariPool-19 - Shutdown initiated...
2026-09-04 14:00:38.064 INFO  [Thread-74] com.zaxxer.hikari.HikariDataSource - HikariPool-19 - Shutdown completed.
2026-09-04 14:00:38.112 INFO  [restartedMain] c.b.a.ApiStudentManagementApplication - Starting ApiStudentManagementApplication using Java 21.0.10 with PID 44123 (/Users/macbook/Downloads/api_student_management/target/classes started by macbook in /Users/macbook/Downloads/api_student_management)
2026-09-04 14:00:38.112 INFO  [restartedMain] c.b.a.ApiStudentManagementApplication - No active profile set, falling back to 1 default profile: "default"
2026-09-04 14:00:38.166 INFO  [restartedMain] o.s.d.r.c.RepositoryConfigurationDelegate - Bootstrapping Spring Data JPA repositories in DEFAULT mode.
2026-09-04 14:00:38.169 INFO  [restartedMain] o.s.d.r.c.RepositoryConfigurationDelegate - Finished Spring Data repository scanning in 2 ms. Found 2 JPA repository interfaces.
2026-09-04 14:00:38.206 INFO  [restartedMain] o.s.boot.tomcat.TomcatWebServer - Tomcat initialized with port 8080 (http)
2026-09-04 14:00:38.207 INFO  [restartedMain] o.apache.catalina.core.StandardService - Starting service [Tomcat]
2026-09-04 14:00:38.207 INFO  [restartedMain] org.apache.catalina.core.StandardEngine - Starting Servlet engine: [Apache Tomcat/11.0.24]
2026-09-04 14:00:38.212 INFO  [restartedMain] o.s.b.w.c.s.WebApplicationContextInitializer - Root WebApplicationContext: initialization completed in 99 ms
2026-09-04 14:00:38.229 INFO  [restartedMain] org.hibernate.orm.jpa - HHH008540: Processing PersistenceUnitInfo [name: default]
2026-09-04 14:00:38.237 INFO  [restartedMain] o.s.o.j.p.SpringPersistenceUnitInfo - No LoadTimeWeaver setup: ignoring JPA class transformer
2026-09-04 14:00:38.237 INFO  [restartedMain] com.zaxxer.hikari.HikariDataSource - HikariPool-20 - Starting...
2026-09-04 14:00:38.244 INFO  [restartedMain] com.zaxxer.hikari.pool.HikariPool - HikariPool-20 - Added connection org.postgresql.jdbc.PgConnection@2c922d18
2026-09-04 14:00:38.244 INFO  [restartedMain] com.zaxxer.hikari.HikariDataSource - HikariPool-20 - Start completed.
2026-09-04 14:00:38.251 INFO  [restartedMain] org.hibernate.orm.connections.pooling - HHH10001005: Database info:
	Database JDBC URL [jdbc:postgresql://localhost:5432/student_management]
	Database driver: PostgreSQL JDBC Driver
	Database dialect: PostgreSQLDialect
	Database version: 18.6
	Default catalog/schema: student_management/public
	Autocommit mode: undefined/unknown
	Isolation level: READ_COMMITTED [default READ_COMMITTED]
	JDBC fetch size: none
	Pool: DataSourceConnectionProvider
	Minimum pool size: undefined/unknown
	Maximum pool size: undefined/unknown
2026-09-04 14:00:38.283 INFO  [restartedMain] org.hibernate.orm.core - HHH000489: No JTA platform available (set 'hibernate.transaction.jta.platform' to enable JTA platform integration)
2026-09-04 14:00:38.305 WARN  [restartedMain] org.hibernate.orm.jdbc.warn - HHH000247: ErrorCode: 0, SQLState: 00000
2026-09-04 14:00:38.305 WARN  [restartedMain] org.hibernate.orm.jdbc.warn - constraint "uk_students_student_name" of relation "students" does not exist, skipping
2026-09-04 14:00:38.305 INFO  [restartedMain] o.s.o.j.LocalContainerEntityManagerFactoryBean - Initialized JPA EntityManagerFactory for persistence unit 'default'
2026-09-04 14:00:38.332 INFO  [restartedMain] o.s.s.c.a.a.c.InitializeUserDetailsBeanManagerConfigurer$InitializeUserDetailsManagerConfigurer - Global AuthenticationManager configured with UserDetailsService bean with name userDetailsService
2026-09-04 14:00:38.427 INFO  [restartedMain] o.s.boot.tomcat.TomcatWebServer - Tomcat started on port 8080 (http) with context path '/'
2026-09-04 14:00:38.428 INFO  [restartedMain] c.b.a.ApiStudentManagementApplication - Started ApiStudentManagementApplication in 0.327 seconds (process running for 552.921)
2026-09-04 14:00:38.428 INFO  [restartedMain] o.s.b.d.a.ConditionEvaluationDeltaLoggingListener - Condition evaluation unchanged
2026-09-04 14:00:41.850 INFO  [File Watcher] o.s.b.d.a.LocalDevToolsAutoConfiguration$RestartingClassPathChangeChangedEventListener - Restarting due to 1 class path change (0 additions, 0 deletions, 1 modification)
2026-09-04 14:00:41.851 INFO  [Thread-78] o.s.boot.tomcat.GracefulShutdown - Commencing graceful shutdown. Waiting for active requests to complete
2026-09-04 14:00:41.854 INFO  [tomcat-shutdown] o.s.boot.tomcat.GracefulShutdown - Graceful shutdown complete
2026-09-04 14:00:41.856 INFO  [Thread-78] o.s.o.j.LocalContainerEntityManagerFactoryBean - Closing JPA EntityManagerFactory for persistence unit 'default'
2026-09-04 14:00:41.856 INFO  [Thread-78] com.zaxxer.hikari.HikariDataSource - HikariPool-20 - Shutdown initiated...
2026-09-04 14:00:41.857 INFO  [Thread-78] com.zaxxer.hikari.HikariDataSource - HikariPool-20 - Shutdown completed.
2026-09-04 14:00:41.910 INFO  [restartedMain] c.b.a.ApiStudentManagementApplication - Starting ApiStudentManagementApplication using Java 21.0.10 with PID 44123 (/Users/macbook/Downloads/api_student_management/target/classes started by macbook in /Users/macbook/Downloads/api_student_management)
2026-09-04 14:00:41.910 INFO  [restartedMain] c.b.a.ApiStudentManagementApplication - No active profile set, falling back to 1 default profile: "default"
2026-09-04 14:00:41.971 INFO  [restartedMain] o.s.d.r.c.RepositoryConfigurationDelegate - Bootstrapping Spring Data JPA repositories in DEFAULT mode.
2026-09-04 14:00:41.974 INFO  [restartedMain] o.s.d.r.c.RepositoryConfigurationDelegate - Finished Spring Data repository scanning in 2 ms. Found 2 JPA repository interfaces.
2026-09-04 14:00:42.010 INFO  [restartedMain] o.s.boot.tomcat.TomcatWebServer - Tomcat initialized with port 8080 (http)
2026-09-04 14:00:42.011 INFO  [restartedMain] o.apache.catalina.core.StandardService - Starting service [Tomcat]
2026-09-04 14:00:42.011 INFO  [restartedMain] org.apache.catalina.core.StandardEngine - Starting Servlet engine: [Apache Tomcat/11.0.24]
2026-09-04 14:00:42.016 INFO  [restartedMain] o.s.b.w.c.s.WebApplicationContextInitializer - Root WebApplicationContext: initialization completed in 105 ms
2026-09-04 14:00:42.033 INFO  [restartedMain] org.hibernate.orm.jpa - HHH008540: Processing PersistenceUnitInfo [name: default]
2026-09-04 14:00:42.048 INFO  [restartedMain] o.s.o.j.p.SpringPersistenceUnitInfo - No LoadTimeWeaver setup: ignoring JPA class transformer
2026-09-04 14:00:42.048 INFO  [restartedMain] com.zaxxer.hikari.HikariDataSource - HikariPool-21 - Starting...
2026-09-04 14:00:42.074 INFO  [restartedMain] com.zaxxer.hikari.pool.HikariPool - HikariPool-21 - Added connection org.postgresql.jdbc.PgConnection@2986df8a
2026-09-04 14:00:42.074 INFO  [restartedMain] com.zaxxer.hikari.HikariDataSource - HikariPool-21 - Start completed.
2026-09-04 14:00:42.082 INFO  [restartedMain] org.hibernate.orm.connections.pooling - HHH10001005: Database info:
	Database JDBC URL [jdbc:postgresql://localhost:5432/student_management]
	Database driver: PostgreSQL JDBC Driver
	Database dialect: PostgreSQLDialect
	Database version: 18.6
	Default catalog/schema: student_management/public
	Autocommit mode: undefined/unknown
	Isolation level: READ_COMMITTED [default READ_COMMITTED]
	JDBC fetch size: none
	Pool: DataSourceConnectionProvider
	Minimum pool size: undefined/unknown
	Maximum pool size: undefined/unknown
2026-09-04 14:00:42.107 INFO  [restartedMain] org.hibernate.orm.core - HHH000489: No JTA platform available (set 'hibernate.transaction.jta.platform' to enable JTA platform integration)
2026-09-04 14:00:42.133 WARN  [restartedMain] org.hibernate.orm.jdbc.warn - HHH000247: ErrorCode: 0, SQLState: 00000
2026-09-04 14:00:42.133 WARN  [restartedMain] org.hibernate.orm.jdbc.warn - constraint "uk_students_student_name" of relation "students" does not exist, skipping
2026-09-04 14:00:42.134 INFO  [restartedMain] o.s.o.j.LocalContainerEntityManagerFactoryBean - Initialized JPA EntityManagerFactory for persistence unit 'default'
2026-09-04 14:00:42.161 INFO  [restartedMain] o.s.s.c.a.a.c.InitializeUserDetailsBeanManagerConfigurer$InitializeUserDetailsManagerConfigurer - Global AuthenticationManager configured with UserDetailsService bean with name userDetailsService
2026-09-04 14:00:42.271 INFO  [restartedMain] o.s.boot.tomcat.TomcatWebServer - Tomcat started on port 8080 (http) with context path '/'
2026-09-04 14:00:42.272 INFO  [restartedMain] c.b.a.ApiStudentManagementApplication - Started ApiStudentManagementApplication in 0.373 seconds (process running for 556.766)
2026-09-04 14:00:42.273 INFO  [restartedMain] o.s.b.d.a.ConditionEvaluationDeltaLoggingListener - Condition evaluation unchanged
2026-09-04 14:00:44.683 INFO  [File Watcher] o.s.b.d.a.LocalDevToolsAutoConfiguration$RestartingClassPathChangeChangedEventListener - Restarting due to 1 class path change (0 additions, 0 deletions, 1 modification)
2026-09-04 14:00:44.684 INFO  [Thread-82] o.s.boot.tomcat.GracefulShutdown - Commencing graceful shutdown. Waiting for active requests to complete
2026-09-04 14:00:44.686 INFO  [tomcat-shutdown] o.s.boot.tomcat.GracefulShutdown - Graceful shutdown complete
2026-09-04 14:00:44.687 INFO  [Thread-82] o.s.o.j.LocalContainerEntityManagerFactoryBean - Closing JPA EntityManagerFactory for persistence unit 'default'
2026-09-04 14:00:44.687 INFO  [Thread-82] com.zaxxer.hikari.HikariDataSource - HikariPool-21 - Shutdown initiated...
2026-09-04 14:00:44.688 INFO  [Thread-82] com.zaxxer.hikari.HikariDataSource - HikariPool-21 - Shutdown completed.
2026-09-04 14:00:44.731 INFO  [restartedMain] c.b.a.ApiStudentManagementApplication - Starting ApiStudentManagementApplication using Java 21.0.10 with PID 44123 (/Users/macbook/Downloads/api_student_management/target/classes started by macbook in /Users/macbook/Downloads/api_student_management)
2026-09-04 14:00:44.731 INFO  [restartedMain] c.b.a.ApiStudentManagementApplication - No active profile set, falling back to 1 default profile: "default"
2026-09-04 14:00:44.785 INFO  [restartedMain] o.s.d.r.c.RepositoryConfigurationDelegate - Bootstrapping Spring Data JPA repositories in DEFAULT mode.
2026-09-04 14:00:44.789 INFO  [restartedMain] o.s.d.r.c.RepositoryConfigurationDelegate - Finished Spring Data repository scanning in 3 ms. Found 2 JPA repository interfaces.
2026-09-04 14:00:44.825 INFO  [restartedMain] o.s.boot.tomcat.TomcatWebServer - Tomcat initialized with port 8080 (http)
2026-09-04 14:00:44.826 INFO  [restartedMain] o.apache.catalina.core.StandardService - Starting service [Tomcat]
2026-09-04 14:00:44.826 INFO  [restartedMain] org.apache.catalina.core.StandardEngine - Starting Servlet engine: [Apache Tomcat/11.0.24]
2026-09-04 14:00:44.832 INFO  [restartedMain] o.s.b.w.c.s.WebApplicationContextInitializer - Root WebApplicationContext: initialization completed in 100 ms
2026-09-04 14:00:44.850 INFO  [restartedMain] org.hibernate.orm.jpa - HHH008540: Processing PersistenceUnitInfo [name: default]
2026-09-04 14:00:44.860 INFO  [restartedMain] o.s.o.j.p.SpringPersistenceUnitInfo - No LoadTimeWeaver setup: ignoring JPA class transformer
2026-09-04 14:00:44.860 INFO  [restartedMain] com.zaxxer.hikari.HikariDataSource - HikariPool-22 - Starting...
2026-09-04 14:00:44.866 INFO  [restartedMain] com.zaxxer.hikari.pool.HikariPool - HikariPool-22 - Added connection org.postgresql.jdbc.PgConnection@7215c78b
2026-09-04 14:00:44.866 INFO  [restartedMain] com.zaxxer.hikari.HikariDataSource - HikariPool-22 - Start completed.
2026-09-04 14:00:44.873 INFO  [restartedMain] org.hibernate.orm.connections.pooling - HHH10001005: Database info:
	Database JDBC URL [jdbc:postgresql://localhost:5432/student_management]
	Database driver: PostgreSQL JDBC Driver
	Database dialect: PostgreSQLDialect
	Database version: 18.6
	Default catalog/schema: student_management/public
	Autocommit mode: undefined/unknown
	Isolation level: READ_COMMITTED [default READ_COMMITTED]
	JDBC fetch size: none
	Pool: DataSourceConnectionProvider
	Minimum pool size: undefined/unknown
	Maximum pool size: undefined/unknown
2026-09-04 14:00:44.903 INFO  [restartedMain] org.hibernate.orm.core - HHH000489: No JTA platform available (set 'hibernate.transaction.jta.platform' to enable JTA platform integration)
2026-09-04 14:00:44.925 WARN  [restartedMain] org.hibernate.orm.jdbc.warn - HHH000247: ErrorCode: 0, SQLState: 00000
2026-09-04 14:00:44.925 WARN  [restartedMain] org.hibernate.orm.jdbc.warn - constraint "uk_students_student_name" of relation "students" does not exist, skipping
2026-09-04 14:00:44.926 INFO  [restartedMain] o.s.o.j.LocalContainerEntityManagerFactoryBean - Initialized JPA EntityManagerFactory for persistence unit 'default'
2026-09-04 14:00:44.955 INFO  [restartedMain] o.s.s.c.a.a.c.InitializeUserDetailsBeanManagerConfigurer$InitializeUserDetailsManagerConfigurer - Global AuthenticationManager configured with UserDetailsService bean with name userDetailsService
2026-09-04 14:00:45.050 INFO  [restartedMain] o.s.boot.tomcat.TomcatWebServer - Tomcat started on port 8080 (http) with context path '/'
2026-09-04 14:00:45.051 INFO  [restartedMain] c.b.a.ApiStudentManagementApplication - Started ApiStudentManagementApplication in 0.329 seconds (process running for 559.545)
2026-09-04 14:00:45.052 INFO  [restartedMain] o.s.b.d.a.ConditionEvaluationDeltaLoggingListener - Condition evaluation unchanged
2026-09-04 14:00:48.476 INFO  [File Watcher] o.s.b.d.a.LocalDevToolsAutoConfiguration$RestartingClassPathChangeChangedEventListener - Restarting due to 1 class path change (0 additions, 0 deletions, 1 modification)
2026-09-04 14:00:48.477 INFO  [Thread-86] o.s.boot.tomcat.GracefulShutdown - Commencing graceful shutdown. Waiting for active requests to complete
2026-09-04 14:00:48.479 INFO  [tomcat-shutdown] o.s.boot.tomcat.GracefulShutdown - Graceful shutdown complete
2026-09-04 14:00:48.479 INFO  [Thread-86] o.s.o.j.LocalContainerEntityManagerFactoryBean - Closing JPA EntityManagerFactory for persistence unit 'default'
2026-09-04 14:00:48.480 INFO  [Thread-86] com.zaxxer.hikari.HikariDataSource - HikariPool-22 - Shutdown initiated...
2026-09-04 14:00:48.480 INFO  [Thread-86] com.zaxxer.hikari.HikariDataSource - HikariPool-22 - Shutdown completed.
2026-09-04 14:00:48.531 INFO  [restartedMain] c.b.a.ApiStudentManagementApplication - Starting ApiStudentManagementApplication using Java 21.0.10 with PID 44123 (/Users/macbook/Downloads/api_student_management/target/classes started by macbook in /Users/macbook/Downloads/api_student_management)
2026-09-04 14:00:48.532 INFO  [restartedMain] c.b.a.ApiStudentManagementApplication - No active profile set, falling back to 1 default profile: "default"
2026-09-04 14:00:48.589 INFO  [restartedMain] o.s.d.r.c.RepositoryConfigurationDelegate - Bootstrapping Spring Data JPA repositories in DEFAULT mode.
2026-09-04 14:00:48.592 INFO  [restartedMain] o.s.d.r.c.RepositoryConfigurationDelegate - Finished Spring Data repository scanning in 2 ms. Found 2 JPA repository interfaces.
2026-09-04 14:00:48.632 INFO  [restartedMain] o.s.boot.tomcat.TomcatWebServer - Tomcat initialized with port 8080 (http)
2026-09-04 14:00:48.633 INFO  [restartedMain] o.apache.catalina.core.StandardService - Starting service [Tomcat]
2026-09-04 14:00:48.633 INFO  [restartedMain] org.apache.catalina.core.StandardEngine - Starting Servlet engine: [Apache Tomcat/11.0.24]
2026-09-04 14:00:48.639 INFO  [restartedMain] o.s.b.w.c.s.WebApplicationContextInitializer - Root WebApplicationContext: initialization completed in 107 ms
2026-09-04 14:00:48.658 INFO  [restartedMain] org.hibernate.orm.jpa - HHH008540: Processing PersistenceUnitInfo [name: default]
2026-09-04 14:00:48.665 INFO  [restartedMain] o.s.o.j.p.SpringPersistenceUnitInfo - No LoadTimeWeaver setup: ignoring JPA class transformer
2026-09-04 14:00:48.666 INFO  [restartedMain] com.zaxxer.hikari.HikariDataSource - HikariPool-23 - Starting...
2026-09-04 14:00:48.671 INFO  [restartedMain] com.zaxxer.hikari.pool.HikariPool - HikariPool-23 - Added connection org.postgresql.jdbc.PgConnection@5b6ab39f
2026-09-04 14:00:48.671 INFO  [restartedMain] com.zaxxer.hikari.HikariDataSource - HikariPool-23 - Start completed.
2026-09-04 14:00:48.676 INFO  [restartedMain] org.hibernate.orm.connections.pooling - HHH10001005: Database info:
	Database JDBC URL [jdbc:postgresql://localhost:5432/student_management]
	Database driver: PostgreSQL JDBC Driver
	Database dialect: PostgreSQLDialect
	Database version: 18.6
	Default catalog/schema: student_management/public
	Autocommit mode: undefined/unknown
	Isolation level: READ_COMMITTED [default READ_COMMITTED]
	JDBC fetch size: none
	Pool: DataSourceConnectionProvider
	Minimum pool size: undefined/unknown
	Maximum pool size: undefined/unknown
2026-09-04 14:00:48.700 INFO  [restartedMain] org.hibernate.orm.core - HHH000489: No JTA platform available (set 'hibernate.transaction.jta.platform' to enable JTA platform integration)
2026-09-04 14:00:48.722 WARN  [restartedMain] org.hibernate.orm.jdbc.warn - HHH000247: ErrorCode: 0, SQLState: 00000
2026-09-04 14:00:48.722 WARN  [restartedMain] org.hibernate.orm.jdbc.warn - constraint "uk_students_student_name" of relation "students" does not exist, skipping
2026-09-04 14:00:48.722 INFO  [restartedMain] o.s.o.j.LocalContainerEntityManagerFactoryBean - Initialized JPA EntityManagerFactory for persistence unit 'default'
2026-09-04 14:00:48.753 INFO  [restartedMain] o.s.s.c.a.a.c.InitializeUserDetailsBeanManagerConfigurer$InitializeUserDetailsManagerConfigurer - Global AuthenticationManager configured with UserDetailsService bean with name userDetailsService
2026-09-04 14:00:48.849 INFO  [restartedMain] o.s.boot.tomcat.TomcatWebServer - Tomcat started on port 8080 (http) with context path '/'
2026-09-04 14:00:48.851 INFO  [restartedMain] c.b.a.ApiStudentManagementApplication - Started ApiStudentManagementApplication in 0.329 seconds (process running for 563.344)
2026-09-04 14:00:48.851 INFO  [restartedMain] o.s.b.d.a.ConditionEvaluationDeltaLoggingListener - Condition evaluation unchanged
2026-09-04 14:04:54.069 WARN  [HikariPool-23:housekeeper] com.zaxxer.hikari.pool.HikariPool - HikariPool-23 - Thread starvation or clock leap detected (housekeeper delta=4m5s293ms).
2026-09-04 14:05:44.490 INFO  [File Watcher] o.s.b.d.a.LocalDevToolsAutoConfiguration$RestartingClassPathChangeChangedEventListener - Restarting due to 1 class path change (0 additions, 0 deletions, 1 modification)
2026-09-04 14:05:44.497 INFO  [Thread-90] o.s.boot.tomcat.GracefulShutdown - Commencing graceful shutdown. Waiting for active requests to complete
2026-09-04 14:05:44.504 INFO  [tomcat-shutdown] o.s.boot.tomcat.GracefulShutdown - Graceful shutdown complete
2026-09-04 14:05:44.510 INFO  [Thread-90] o.s.o.j.LocalContainerEntityManagerFactoryBean - Closing JPA EntityManagerFactory for persistence unit 'default'
2026-09-04 14:05:44.515 INFO  [Thread-90] com.zaxxer.hikari.HikariDataSource - HikariPool-23 - Shutdown initiated...
2026-09-04 14:05:44.517 INFO  [Thread-90] com.zaxxer.hikari.HikariDataSource - HikariPool-23 - Shutdown completed.
2026-09-04 14:05:44.595 INFO  [restartedMain] c.b.a.ApiStudentManagementApplication - Starting ApiStudentManagementApplication using Java 21.0.10 with PID 44123 (/Users/macbook/Downloads/api_student_management/target/classes started by macbook in /Users/macbook/Downloads/api_student_management)
2026-09-04 14:05:44.595 INFO  [restartedMain] c.b.a.ApiStudentManagementApplication - No active profile set, falling back to 1 default profile: "default"
2026-09-04 14:05:44.655 INFO  [restartedMain] o.s.d.r.c.RepositoryConfigurationDelegate - Bootstrapping Spring Data JPA repositories in DEFAULT mode.
2026-09-04 14:05:44.658 INFO  [restartedMain] o.s.d.r.c.RepositoryConfigurationDelegate - Finished Spring Data repository scanning in 2 ms. Found 2 JPA repository interfaces.
2026-09-04 14:05:44.701 INFO  [restartedMain] o.s.boot.tomcat.TomcatWebServer - Tomcat initialized with port 8080 (http)
2026-09-04 14:05:44.702 INFO  [restartedMain] o.apache.catalina.core.StandardService - Starting service [Tomcat]
2026-09-04 14:05:44.702 INFO  [restartedMain] org.apache.catalina.core.StandardEngine - Starting Servlet engine: [Apache Tomcat/11.0.24]
2026-09-04 14:05:44.710 INFO  [restartedMain] o.s.b.w.c.s.WebApplicationContextInitializer - Root WebApplicationContext: initialization completed in 114 ms
2026-09-04 14:05:44.731 INFO  [restartedMain] org.hibernate.orm.jpa - HHH008540: Processing PersistenceUnitInfo [name: default]
2026-09-04 14:05:44.741 INFO  [restartedMain] o.s.o.j.p.SpringPersistenceUnitInfo - No LoadTimeWeaver setup: ignoring JPA class transformer
2026-09-04 14:05:44.742 INFO  [restartedMain] com.zaxxer.hikari.HikariDataSource - HikariPool-24 - Starting...
2026-09-04 14:05:44.749 INFO  [restartedMain] com.zaxxer.hikari.pool.HikariPool - HikariPool-24 - Added connection org.postgresql.jdbc.PgConnection@555bcf89
2026-09-04 14:05:44.749 INFO  [restartedMain] com.zaxxer.hikari.HikariDataSource - HikariPool-24 - Start completed.
2026-09-04 14:05:44.754 INFO  [restartedMain] org.hibernate.orm.connections.pooling - HHH10001005: Database info:
	Database JDBC URL [jdbc:postgresql://localhost:5432/student_management]
	Database driver: PostgreSQL JDBC Driver
	Database dialect: PostgreSQLDialect
	Database version: 18.6
	Default catalog/schema: student_management/public
	Autocommit mode: undefined/unknown
	Isolation level: READ_COMMITTED [default READ_COMMITTED]
	JDBC fetch size: none
	Pool: DataSourceConnectionProvider
	Minimum pool size: undefined/unknown
	Maximum pool size: undefined/unknown
2026-09-04 14:05:44.784 INFO  [restartedMain] org.hibernate.orm.core - HHH000489: No JTA platform available (set 'hibernate.transaction.jta.platform' to enable JTA platform integration)
2026-09-04 14:05:44.815 WARN  [restartedMain] org.hibernate.orm.jdbc.warn - HHH000247: ErrorCode: 0, SQLState: 00000
2026-09-04 14:05:44.816 WARN  [restartedMain] org.hibernate.orm.jdbc.warn - constraint "uk_students_student_name" of relation "students" does not exist, skipping
2026-09-04 14:05:44.816 INFO  [restartedMain] o.s.o.j.LocalContainerEntityManagerFactoryBean - Initialized JPA EntityManagerFactory for persistence unit 'default'
2026-09-04 14:05:44.848 INFO  [restartedMain] o.s.s.c.a.a.c.InitializeUserDetailsBeanManagerConfigurer$InitializeUserDetailsManagerConfigurer - Global AuthenticationManager configured with UserDetailsService bean with name userDetailsService
2026-09-04 14:05:44.950 INFO  [restartedMain] o.s.boot.tomcat.TomcatWebServer - Tomcat started on port 8080 (http) with context path '/'
2026-09-04 14:05:44.952 INFO  [restartedMain] c.b.a.ApiStudentManagementApplication - Started ApiStudentManagementApplication in 0.366 seconds (process running for 644.168)
2026-09-04 14:05:44.952 INFO  [restartedMain] o.s.b.d.a.ConditionEvaluationDeltaLoggingListener - Condition evaluation unchanged
2026-09-04 14:05:47.364 INFO  [File Watcher] o.s.b.d.a.LocalDevToolsAutoConfiguration$RestartingClassPathChangeChangedEventListener - Restarting due to 1 class path change (0 additions, 0 deletions, 1 modification)
2026-09-04 14:05:47.364 INFO  [Thread-94] o.s.boot.tomcat.GracefulShutdown - Commencing graceful shutdown. Waiting for active requests to complete
2026-09-04 14:05:47.367 INFO  [tomcat-shutdown] o.s.boot.tomcat.GracefulShutdown - Graceful shutdown complete
2026-09-04 14:05:47.368 INFO  [Thread-94] o.s.o.j.LocalContainerEntityManagerFactoryBean - Closing JPA EntityManagerFactory for persistence unit 'default'
2026-09-04 14:05:47.368 INFO  [Thread-94] com.zaxxer.hikari.HikariDataSource - HikariPool-24 - Shutdown initiated...
2026-09-04 14:05:47.369 INFO  [Thread-94] com.zaxxer.hikari.HikariDataSource - HikariPool-24 - Shutdown completed.
2026-09-04 14:05:47.417 INFO  [restartedMain] c.b.a.ApiStudentManagementApplication - Starting ApiStudentManagementApplication using Java 21.0.10 with PID 44123 (/Users/macbook/Downloads/api_student_management/target/classes started by macbook in /Users/macbook/Downloads/api_student_management)
2026-09-04 14:05:47.417 INFO  [restartedMain] c.b.a.ApiStudentManagementApplication - No active profile set, falling back to 1 default profile: "default"
2026-09-04 14:05:47.470 INFO  [restartedMain] o.s.d.r.c.RepositoryConfigurationDelegate - Bootstrapping Spring Data JPA repositories in DEFAULT mode.
2026-09-04 14:05:47.474 INFO  [restartedMain] o.s.d.r.c.RepositoryConfigurationDelegate - Finished Spring Data repository scanning in 3 ms. Found 2 JPA repository interfaces.
2026-09-04 14:05:47.511 INFO  [restartedMain] o.s.boot.tomcat.TomcatWebServer - Tomcat initialized with port 8080 (http)
2026-09-04 14:05:47.511 INFO  [restartedMain] o.apache.catalina.core.StandardService - Starting service [Tomcat]
2026-09-04 14:05:47.511 INFO  [restartedMain] org.apache.catalina.core.StandardEngine - Starting Servlet engine: [Apache Tomcat/11.0.24]
2026-09-04 14:05:47.516 INFO  [restartedMain] o.s.b.w.c.s.WebApplicationContextInitializer - Root WebApplicationContext: initialization completed in 99 ms
2026-09-04 14:05:47.533 INFO  [restartedMain] org.hibernate.orm.jpa - HHH008540: Processing PersistenceUnitInfo [name: default]
2026-09-04 14:05:47.541 INFO  [restartedMain] o.s.o.j.p.SpringPersistenceUnitInfo - No LoadTimeWeaver setup: ignoring JPA class transformer
2026-09-04 14:05:47.541 INFO  [restartedMain] com.zaxxer.hikari.HikariDataSource - HikariPool-25 - Starting...
2026-09-04 14:05:47.548 INFO  [restartedMain] com.zaxxer.hikari.pool.HikariPool - HikariPool-25 - Added connection org.postgresql.jdbc.PgConnection@77c3dd44
2026-09-04 14:05:47.548 INFO  [restartedMain] com.zaxxer.hikari.HikariDataSource - HikariPool-25 - Start completed.
2026-09-04 14:05:47.555 INFO  [restartedMain] org.hibernate.orm.connections.pooling - HHH10001005: Database info:
	Database JDBC URL [jdbc:postgresql://localhost:5432/student_management]
	Database driver: PostgreSQL JDBC Driver
	Database dialect: PostgreSQLDialect
	Database version: 18.6
	Default catalog/schema: student_management/public
	Autocommit mode: undefined/unknown
	Isolation level: READ_COMMITTED [default READ_COMMITTED]
	JDBC fetch size: none
	Pool: DataSourceConnectionProvider
	Minimum pool size: undefined/unknown
	Maximum pool size: undefined/unknown
2026-09-04 14:05:47.577 INFO  [restartedMain] org.hibernate.orm.core - HHH000489: No JTA platform available (set 'hibernate.transaction.jta.platform' to enable JTA platform integration)
2026-09-04 14:05:47.603 WARN  [restartedMain] org.hibernate.orm.jdbc.warn - HHH000247: ErrorCode: 0, SQLState: 00000
2026-09-04 14:05:47.603 WARN  [restartedMain] org.hibernate.orm.jdbc.warn - constraint "uk_students_student_name" of relation "students" does not exist, skipping
2026-09-04 14:05:47.603 INFO  [restartedMain] o.s.o.j.LocalContainerEntityManagerFactoryBean - Initialized JPA EntityManagerFactory for persistence unit 'default'
2026-09-04 14:05:47.630 INFO  [restartedMain] o.s.s.c.a.a.c.InitializeUserDetailsBeanManagerConfigurer$InitializeUserDetailsManagerConfigurer - Global AuthenticationManager configured with UserDetailsService bean with name userDetailsService
2026-09-04 14:05:47.718 INFO  [restartedMain] o.s.boot.tomcat.TomcatWebServer - Tomcat started on port 8080 (http) with context path '/'
2026-09-04 14:05:47.719 INFO  [restartedMain] c.b.a.ApiStudentManagementApplication - Started ApiStudentManagementApplication in 0.312 seconds (process running for 646.936)
2026-09-04 14:05:47.719 INFO  [restartedMain] o.s.b.d.a.ConditionEvaluationDeltaLoggingListener - Condition evaluation unchanged
2026-09-04 14:06:30.549 INFO  [File Watcher] o.s.b.d.a.LocalDevToolsAutoConfiguration$RestartingClassPathChangeChangedEventListener - Restarting due to 1 class path change (0 additions, 0 deletions, 1 modification)
2026-09-04 14:06:30.552 INFO  [Thread-98] o.s.boot.tomcat.GracefulShutdown - Commencing graceful shutdown. Waiting for active requests to complete
2026-09-04 14:06:30.554 INFO  [tomcat-shutdown] o.s.boot.tomcat.GracefulShutdown - Graceful shutdown complete
2026-09-04 14:06:30.556 INFO  [Thread-98] o.s.o.j.LocalContainerEntityManagerFactoryBean - Closing JPA EntityManagerFactory for persistence unit 'default'
2026-09-04 14:06:30.557 INFO  [Thread-98] com.zaxxer.hikari.HikariDataSource - HikariPool-25 - Shutdown initiated...
2026-09-04 14:06:30.557 INFO  [Thread-98] com.zaxxer.hikari.HikariDataSource - HikariPool-25 - Shutdown completed.
2026-09-04 14:06:30.618 INFO  [restartedMain] c.b.a.ApiStudentManagementApplication - Starting ApiStudentManagementApplication using Java 21.0.10 with PID 44123 (/Users/macbook/Downloads/api_student_management/target/classes started by macbook in /Users/macbook/Downloads/api_student_management)
2026-09-04 14:06:30.618 INFO  [restartedMain] c.b.a.ApiStudentManagementApplication - No active profile set, falling back to 1 default profile: "default"
2026-09-04 14:06:30.676 INFO  [restartedMain] o.s.d.r.c.RepositoryConfigurationDelegate - Bootstrapping Spring Data JPA repositories in DEFAULT mode.
2026-09-04 14:06:30.679 INFO  [restartedMain] o.s.d.r.c.RepositoryConfigurationDelegate - Finished Spring Data repository scanning in 2 ms. Found 2 JPA repository interfaces.
2026-09-04 14:06:30.718 INFO  [restartedMain] o.s.boot.tomcat.TomcatWebServer - Tomcat initialized with port 8080 (http)
2026-09-04 14:06:30.718 INFO  [restartedMain] o.apache.catalina.core.StandardService - Starting service [Tomcat]
2026-09-04 14:06:30.718 INFO  [restartedMain] org.apache.catalina.core.StandardEngine - Starting Servlet engine: [Apache Tomcat/11.0.24]
2026-09-04 14:06:30.723 INFO  [restartedMain] o.s.b.w.c.s.WebApplicationContextInitializer - Root WebApplicationContext: initialization completed in 104 ms
2026-09-04 14:06:30.740 INFO  [restartedMain] org.hibernate.orm.jpa - HHH008540: Processing PersistenceUnitInfo [name: default]
2026-09-04 14:06:30.748 INFO  [restartedMain] o.s.o.j.p.SpringPersistenceUnitInfo - No LoadTimeWeaver setup: ignoring JPA class transformer
2026-09-04 14:06:30.748 INFO  [restartedMain] com.zaxxer.hikari.HikariDataSource - HikariPool-26 - Starting...
2026-09-04 14:06:30.756 INFO  [restartedMain] com.zaxxer.hikari.pool.HikariPool - HikariPool-26 - Added connection org.postgresql.jdbc.PgConnection@1f62088e
2026-09-04 14:06:30.756 INFO  [restartedMain] com.zaxxer.hikari.HikariDataSource - HikariPool-26 - Start completed.
2026-09-04 14:06:30.762 INFO  [restartedMain] org.hibernate.orm.connections.pooling - HHH10001005: Database info:
	Database JDBC URL [jdbc:postgresql://localhost:5432/student_management]
	Database driver: PostgreSQL JDBC Driver
	Database dialect: PostgreSQLDialect
	Database version: 18.6
	Default catalog/schema: student_management/public
	Autocommit mode: undefined/unknown
	Isolation level: READ_COMMITTED [default READ_COMMITTED]
	JDBC fetch size: none
	Pool: DataSourceConnectionProvider
	Minimum pool size: undefined/unknown
	Maximum pool size: undefined/unknown
2026-09-04 14:06:30.785 INFO  [restartedMain] org.hibernate.orm.core - HHH000489: No JTA platform available (set 'hibernate.transaction.jta.platform' to enable JTA platform integration)
2026-09-04 14:06:30.816 WARN  [restartedMain] org.hibernate.orm.jdbc.warn - HHH000247: ErrorCode: 0, SQLState: 00000
2026-09-04 14:06:30.816 WARN  [restartedMain] org.hibernate.orm.jdbc.warn - constraint "uk_students_student_name" of relation "students" does not exist, skipping
2026-09-04 14:06:30.817 INFO  [restartedMain] o.s.o.j.LocalContainerEntityManagerFactoryBean - Initialized JPA EntityManagerFactory for persistence unit 'default'
2026-09-04 14:06:30.844 INFO  [restartedMain] o.s.s.c.a.a.c.InitializeUserDetailsBeanManagerConfigurer$InitializeUserDetailsManagerConfigurer - Global AuthenticationManager configured with UserDetailsService bean with name userDetailsService
2026-09-04 14:06:30.949 INFO  [restartedMain] o.s.boot.tomcat.TomcatWebServer - Tomcat started on port 8080 (http) with context path '/'
2026-09-04 14:06:30.950 INFO  [restartedMain] c.b.a.ApiStudentManagementApplication - Started ApiStudentManagementApplication in 0.342 seconds (process running for 690.169)
2026-09-04 14:06:30.951 INFO  [restartedMain] o.s.b.d.a.ConditionEvaluationDeltaLoggingListener - Condition evaluation unchanged
2026-09-04 14:06:35.395 INFO  [File Watcher] o.s.b.d.a.LocalDevToolsAutoConfiguration$RestartingClassPathChangeChangedEventListener - Restarting due to 1 class path change (0 additions, 0 deletions, 1 modification)
2026-09-04 14:06:35.397 INFO  [Thread-102] o.s.boot.tomcat.GracefulShutdown - Commencing graceful shutdown. Waiting for active requests to complete
2026-09-04 14:06:35.401 INFO  [tomcat-shutdown] o.s.boot.tomcat.GracefulShutdown - Graceful shutdown complete
2026-09-04 14:06:35.404 INFO  [Thread-102] o.s.o.j.LocalContainerEntityManagerFactoryBean - Closing JPA EntityManagerFactory for persistence unit 'default'
2026-09-04 14:06:35.404 INFO  [Thread-102] com.zaxxer.hikari.HikariDataSource - HikariPool-26 - Shutdown initiated...
2026-09-04 14:06:35.405 INFO  [Thread-102] com.zaxxer.hikari.HikariDataSource - HikariPool-26 - Shutdown completed.
2026-09-04 14:06:35.470 INFO  [restartedMain] c.b.a.ApiStudentManagementApplication - Starting ApiStudentManagementApplication using Java 21.0.10 with PID 44123 (/Users/macbook/Downloads/api_student_management/target/classes started by macbook in /Users/macbook/Downloads/api_student_management)
2026-09-04 14:06:35.470 INFO  [restartedMain] c.b.a.ApiStudentManagementApplication - No active profile set, falling back to 1 default profile: "default"
2026-09-04 14:06:35.531 INFO  [restartedMain] o.s.d.r.c.RepositoryConfigurationDelegate - Bootstrapping Spring Data JPA repositories in DEFAULT mode.
2026-09-04 14:06:35.534 INFO  [restartedMain] o.s.d.r.c.RepositoryConfigurationDelegate - Finished Spring Data repository scanning in 2 ms. Found 2 JPA repository interfaces.
2026-09-04 14:06:35.572 INFO  [restartedMain] o.s.boot.tomcat.TomcatWebServer - Tomcat initialized with port 8080 (http)
2026-09-04 14:06:35.572 INFO  [restartedMain] o.apache.catalina.core.StandardService - Starting service [Tomcat]
2026-09-04 14:06:35.572 INFO  [restartedMain] org.apache.catalina.core.StandardEngine - Starting Servlet engine: [Apache Tomcat/11.0.24]
2026-09-04 14:06:35.577 INFO  [restartedMain] o.s.b.w.c.s.WebApplicationContextInitializer - Root WebApplicationContext: initialization completed in 106 ms
2026-09-04 14:06:35.595 INFO  [restartedMain] org.hibernate.orm.jpa - HHH008540: Processing PersistenceUnitInfo [name: default]
2026-09-04 14:06:35.603 INFO  [restartedMain] o.s.o.j.p.SpringPersistenceUnitInfo - No LoadTimeWeaver setup: ignoring JPA class transformer
2026-09-04 14:06:35.603 INFO  [restartedMain] com.zaxxer.hikari.HikariDataSource - HikariPool-27 - Starting...
2026-09-04 14:06:35.607 INFO  [restartedMain] com.zaxxer.hikari.pool.HikariPool - HikariPool-27 - Added connection org.postgresql.jdbc.PgConnection@401dd327
2026-09-04 14:06:35.607 INFO  [restartedMain] com.zaxxer.hikari.HikariDataSource - HikariPool-27 - Start completed.
2026-09-04 14:06:35.613 INFO  [restartedMain] org.hibernate.orm.connections.pooling - HHH10001005: Database info:
	Database JDBC URL [jdbc:postgresql://localhost:5432/student_management]
	Database driver: PostgreSQL JDBC Driver
	Database dialect: PostgreSQLDialect
	Database version: 18.6
	Default catalog/schema: student_management/public
	Autocommit mode: undefined/unknown
	Isolation level: READ_COMMITTED [default READ_COMMITTED]
	JDBC fetch size: none
	Pool: DataSourceConnectionProvider
	Minimum pool size: undefined/unknown
	Maximum pool size: undefined/unknown
2026-09-04 14:06:35.635 INFO  [restartedMain] org.hibernate.orm.core - HHH000489: No JTA platform available (set 'hibernate.transaction.jta.platform' to enable JTA platform integration)
2026-09-04 14:06:35.660 WARN  [restartedMain] org.hibernate.orm.jdbc.warn - HHH000247: ErrorCode: 0, SQLState: 00000
2026-09-04 14:06:35.660 WARN  [restartedMain] org.hibernate.orm.jdbc.warn - constraint "uk_students_student_name" of relation "students" does not exist, skipping
2026-09-04 14:06:35.661 INFO  [restartedMain] o.s.o.j.LocalContainerEntityManagerFactoryBean - Initialized JPA EntityManagerFactory for persistence unit 'default'
2026-09-04 14:06:35.688 INFO  [restartedMain] o.s.s.c.a.a.c.InitializeUserDetailsBeanManagerConfigurer$InitializeUserDetailsManagerConfigurer - Global AuthenticationManager configured with UserDetailsService bean with name userDetailsService
2026-09-04 14:06:35.790 INFO  [restartedMain] o.s.boot.tomcat.TomcatWebServer - Tomcat started on port 8080 (http) with context path '/'
2026-09-04 14:06:35.792 INFO  [restartedMain] c.b.a.ApiStudentManagementApplication - Started ApiStudentManagementApplication in 0.335 seconds (process running for 695.01)
2026-09-04 14:06:35.792 INFO  [restartedMain] o.s.b.d.a.ConditionEvaluationDeltaLoggingListener - Condition evaluation unchanged
2026-09-04 14:06:37.993 INFO  [SpringApplicationShutdownHook] o.s.boot.tomcat.GracefulShutdown - Commencing graceful shutdown. Waiting for active requests to complete
2026-09-04 14:06:37.994 INFO  [tomcat-shutdown] o.s.boot.tomcat.GracefulShutdown - Graceful shutdown complete
2026-09-04 14:06:37.996 INFO  [SpringApplicationShutdownHook] o.s.o.j.LocalContainerEntityManagerFactoryBean - Closing JPA EntityManagerFactory for persistence unit 'default'
2026-09-04 14:06:37.996 INFO  [SpringApplicationShutdownHook] com.zaxxer.hikari.HikariDataSource - HikariPool-27 - Shutdown initiated...
2026-09-04 14:06:37.997 INFO  [SpringApplicationShutdownHook] com.zaxxer.hikari.HikariDataSource - HikariPool-27 - Shutdown completed.
2026-09-04 14:06:42.923 INFO  [background-preinit] o.h.validator.internal.util.Version - HV000001: Hibernate Validator 9.1.3.Final
2026-09-04 14:06:42.949 INFO  [restartedMain] c.b.a.ApiStudentManagementApplication - Starting ApiStudentManagementApplication using Java 21.0.10 with PID 45196 (/Users/macbook/Downloads/api_student_management/target/classes started by macbook in /Users/macbook/Downloads/api_student_management)
2026-09-04 14:06:42.949 INFO  [restartedMain] c.b.a.ApiStudentManagementApplication - No active profile set, falling back to 1 default profile: "default"
2026-09-04 14:06:42.972 INFO  [restartedMain] o.s.b.d.e.DevToolsPropertyDefaultsPostProcessor - Devtools property defaults active! Set 'spring.devtools.add-properties' to 'false' to disable
2026-09-04 14:06:42.972 INFO  [restartedMain] o.s.b.d.e.DevToolsPropertyDefaultsPostProcessor - For additional web related logging consider setting the 'logging.level.web' property to 'DEBUG'
2026-09-04 14:06:43.302 INFO  [restartedMain] o.s.d.r.c.RepositoryConfigurationDelegate - Bootstrapping Spring Data JPA repositories in DEFAULT mode.
2026-09-04 14:06:43.369 INFO  [restartedMain] o.s.d.r.c.RepositoryConfigurationDelegate - Finished Spring Data repository scanning in 62 ms. Found 2 JPA repository interfaces.
2026-09-04 14:06:43.628 INFO  [restartedMain] o.s.boot.tomcat.TomcatWebServer - Tomcat initialized with port 8080 (http)
2026-09-04 14:06:43.635 INFO  [restartedMain] o.apache.coyote.http11.Http11NioProtocol - Initializing ProtocolHandler ["http-nio-8080"]
2026-09-04 14:06:43.637 INFO  [restartedMain] o.apache.catalina.core.StandardService - Starting service [Tomcat]
2026-09-04 14:06:43.637 INFO  [restartedMain] org.apache.catalina.core.StandardEngine - Starting Servlet engine: [Apache Tomcat/11.0.24]
2026-09-04 14:06:43.658 INFO  [restartedMain] o.s.b.w.c.s.WebApplicationContextInitializer - Root WebApplicationContext: initialization completed in 685 ms
2026-09-04 14:06:43.751 INFO  [restartedMain] org.hibernate.orm.jpa - HHH008540: Processing PersistenceUnitInfo [name: default]
2026-09-04 14:06:43.773 INFO  [restartedMain] org.hibernate.orm.core - HHH000001: Hibernate ORM core version 7.4.5.Final
2026-09-04 14:06:43.958 INFO  [restartedMain] o.s.o.j.p.SpringPersistenceUnitInfo - No LoadTimeWeaver setup: ignoring JPA class transformer
2026-09-04 14:06:43.972 INFO  [restartedMain] com.zaxxer.hikari.HikariDataSource - HikariPool-1 - Starting...
2026-09-04 14:06:44.024 INFO  [restartedMain] com.zaxxer.hikari.pool.HikariPool - HikariPool-1 - Added connection org.postgresql.jdbc.PgConnection@5f670887
2026-09-04 14:06:44.025 INFO  [restartedMain] com.zaxxer.hikari.HikariDataSource - HikariPool-1 - Start completed.
2026-09-04 14:06:44.058 INFO  [restartedMain] org.hibernate.orm.connections.pooling - HHH10001005: Database info:
	Database JDBC URL [jdbc:postgresql://localhost:5432/student_management]
	Database driver: PostgreSQL JDBC Driver
	Database dialect: PostgreSQLDialect
	Database version: 18.6
	Default catalog/schema: student_management/public
	Autocommit mode: undefined/unknown
	Isolation level: READ_COMMITTED [default READ_COMMITTED]
	JDBC fetch size: none
	Pool: DataSourceConnectionProvider
	Minimum pool size: undefined/unknown
	Maximum pool size: undefined/unknown
2026-09-04 14:06:44.472 INFO  [restartedMain] org.hibernate.orm.core - HHH000489: No JTA platform available (set 'hibernate.transaction.jta.platform' to enable JTA platform integration)
2026-09-04 14:06:44.517 WARN  [restartedMain] org.hibernate.orm.jdbc.warn - HHH000247: ErrorCode: 0, SQLState: 00000
2026-09-04 14:06:44.517 WARN  [restartedMain] org.hibernate.orm.jdbc.warn - constraint "uk_students_student_name" of relation "students" does not exist, skipping
2026-09-04 14:06:44.519 INFO  [restartedMain] o.s.o.j.LocalContainerEntityManagerFactoryBean - Initialized JPA EntityManagerFactory for persistence unit 'default'
2026-09-04 14:06:44.560 INFO  [restartedMain] o.s.d.j.r.query.QueryEnhancerFactories - Hibernate is in classpath; If applicable, HQL parser will be used.
2026-09-04 14:06:44.637 INFO  [restartedMain] o.s.s.c.a.a.c.InitializeUserDetailsBeanManagerConfigurer$InitializeUserDetailsManagerConfigurer - Global AuthenticationManager configured with UserDetailsService bean with name userDetailsService
2026-09-04 14:06:44.954 INFO  [restartedMain] o.apache.coyote.http11.Http11NioProtocol - Starting ProtocolHandler ["http-nio-8080"]
2026-09-04 14:06:44.961 INFO  [restartedMain] o.s.boot.tomcat.TomcatWebServer - Tomcat started on port 8080 (http) with context path '/'
2026-09-04 14:06:44.965 INFO  [restartedMain] c.b.a.ApiStudentManagementApplication - Started ApiStudentManagementApplication in 2.231 seconds (process running for 2.419)
2026-09-04 14:07:26.693 INFO  [http-nio-8080-exec-2] o.a.c.c.C.[Tomcat].[localhost].[/] - Initializing Spring DispatcherServlet 'dispatcherServlet'
2026-09-04 14:07:26.693 INFO  [http-nio-8080-exec-2] o.s.web.servlet.DispatcherServlet - Initializing Servlet 'dispatcherServlet'
2026-09-04 14:07:26.694 INFO  [http-nio-8080-exec-2] o.s.web.servlet.DispatcherServlet - Completed initialization in 1 ms
2026-09-04 14:07:26.752 ERROR [http-nio-8080-exec-2] c.b.a.exception.GlobalExceptionHandler - Unexpected server error
org.springframework.web.servlet.resource.NoResourceFoundException: No static resource api/students for request '/api/students/'.
	at org.springframework.web.servlet.resource.ResourceHttpRequestHandler.handleRequest(ResourceHttpRequestHandler.java:527)
	at org.springframework.web.servlet.mvc.HttpRequestHandlerAdapter.handle(HttpRequestHandlerAdapter.java:50)
	at org.springframework.web.servlet.DispatcherServlet.doDispatch(DispatcherServlet.java:963)
	at org.springframework.web.servlet.DispatcherServlet.doService(DispatcherServlet.java:866)
	at org.springframework.web.servlet.FrameworkServlet.processRequest(FrameworkServlet.java:1000)
	at org.springframework.web.servlet.FrameworkServlet.doGet(FrameworkServlet.java:892)
	at jakarta.servlet.http.HttpServlet.service(HttpServlet.java:622)
	at org.springframework.web.servlet.FrameworkServlet.service(FrameworkServlet.java:874)
	at jakarta.servlet.http.HttpServlet.service(HttpServlet.java:710)
	at org.apache.catalina.core.ApplicationFilterChain.doFilter(ApplicationFilterChain.java:132)
	at org.apache.tomcat.websocket.server.WsFilter.doFilter(WsFilter.java:59)
	at org.apache.catalina.core.ApplicationFilterChain.doFilter(ApplicationFilterChain.java:111)
	at com.bulton.api_student_management.filter.ApiLoggingFilter.doFilterInternal(ApiLoggingFilter.java:38)
	at org.springframework.web.filter.OncePerRequestFilter.doFilter(OncePerRequestFilter.java:116)
	at org.apache.catalina.core.ApplicationFilterChain.doFilter(ApplicationFilterChain.java:111)
	at org.springframework.web.filter.CompositeFilter$VirtualFilterChain.doFilter(CompositeFilter.java:108)
	at org.springframework.security.web.FilterChainProxy.lambda$doFilterInternal$2(FilterChainProxy.java:235)
	at org.springframework.security.web.FilterChainProxy$VirtualFilterChain.doFilter(FilterChainProxy.java:376)
	at org.springframework.security.web.access.intercept.AuthorizationFilter.doFilter(AuthorizationFilter.java:101)
	at org.springframework.security.web.FilterChainProxy$VirtualFilterChain.doFilter(FilterChainProxy.java:385)
	at org.springframework.security.web.access.ExceptionTranslationFilter.doFilter(ExceptionTranslationFilter.java:126)
	at org.springframework.security.web.access.ExceptionTranslationFilter.doFilter(ExceptionTranslationFilter.java:120)
	at org.springframework.security.web.FilterChainProxy$VirtualFilterChain.doFilter(FilterChainProxy.java:385)
	at org.springframework.security.web.session.SessionManagementFilter.doFilter(SessionManagementFilter.java:132)
	at org.springframework.security.web.session.SessionManagementFilter.doFilter(SessionManagementFilter.java:86)
	at org.springframework.security.web.FilterChainProxy$VirtualFilterChain.doFilter(FilterChainProxy.java:385)
	at org.springframework.security.web.authentication.AnonymousAuthenticationFilter.doFilter(AnonymousAuthenticationFilter.java:100)
	at org.springframework.security.web.FilterChainProxy$VirtualFilterChain.doFilter(FilterChainProxy.java:385)
	at org.springframework.security.web.servletapi.SecurityContextHolderAwareRequestFilter.doFilter(SecurityContextHolderAwareRequestFilter.java:181)
	at org.springframework.security.web.FilterChainProxy$VirtualFilterChain.doFilter(FilterChainProxy.java:385)
	at org.springframework.security.web.savedrequest.RequestCacheAwareFilter.doFilter(RequestCacheAwareFilter.java:63)
	at org.springframework.security.web.FilterChainProxy$VirtualFilterChain.doFilter(FilterChainProxy.java:385)
	at org.springframework.security.oauth2.server.resource.web.authentication.BearerTokenAuthenticationFilter.doFilterInternal(BearerTokenAuthenticationFilter.java:207)
	at org.springframework.web.filter.OncePerRequestFilter.doFilter(OncePerRequestFilter.java:116)
	at org.springframework.security.web.FilterChainProxy$VirtualFilterChain.doFilter(FilterChainProxy.java:385)
	at org.springframework.security.oauth2.server.resource.web.OAuth2ProtectedResourceMetadataFilter.doFilterInternal(OAuth2ProtectedResourceMetadataFilter.java:98)
	at org.springframework.web.filter.OncePerRequestFilter.doFilter(OncePerRequestFilter.java:116)
	at org.springframework.security.web.FilterChainProxy$VirtualFilterChain.doFilter(FilterChainProxy.java:385)
	at org.springframework.security.web.authentication.logout.LogoutFilter.doFilter(LogoutFilter.java:110)
	at org.springframework.security.web.authentication.logout.LogoutFilter.doFilter(LogoutFilter.java:96)
	at org.springframework.security.web.FilterChainProxy$VirtualFilterChain.doFilter(FilterChainProxy.java:385)
	at org.springframework.security.web.header.HeaderWriterFilter.doHeadersAfter(HeaderWriterFilter.java:90)
	at org.springframework.security.web.header.HeaderWriterFilter.doFilterInternal(HeaderWriterFilter.java:75)
	at org.springframework.web.filter.OncePerRequestFilter.doFilter(OncePerRequestFilter.java:116)
	at org.springframework.security.web.FilterChainProxy$VirtualFilterChain.doFilter(FilterChainProxy.java:385)
	at org.springframework.security.web.context.SecurityContextHolderFilter.doFilter(SecurityContextHolderFilter.java:82)
	at org.springframework.security.web.context.SecurityContextHolderFilter.doFilter(SecurityContextHolderFilter.java:69)
	at org.springframework.security.web.FilterChainProxy$VirtualFilterChain.doFilter(FilterChainProxy.java:385)
	at org.springframework.security.web.context.request.async.WebAsyncManagerIntegrationFilter.doFilterInternal(WebAsyncManagerIntegrationFilter.java:62)
	at org.springframework.web.filter.OncePerRequestFilter.doFilter(OncePerRequestFilter.java:116)
	at org.springframework.security.web.FilterChainProxy$VirtualFilterChain.doFilter(FilterChainProxy.java:385)
	at org.springframework.security.web.session.DisableEncodeUrlFilter.doFilterInternal(DisableEncodeUrlFilter.java:42)
	at org.springframework.web.filter.OncePerRequestFilter.doFilter(OncePerRequestFilter.java:116)
	at org.springframework.security.web.FilterChainProxy$VirtualFilterChain.doFilter(FilterChainProxy.java:385)
	at org.springframework.security.web.FilterChainProxy.doFilterInternal(FilterChainProxy.java:237)
	at org.springframework.security.web.FilterChainProxy.doFilter(FilterChainProxy.java:195)
	at org.springframework.web.filter.CompositeFilter$VirtualFilterChain.doFilter(CompositeFilter.java:113)
	at org.springframework.web.filter.ServletRequestPathFilter.doFilter(ServletRequestPathFilter.java:52)
	at org.springframework.web.filter.CompositeFilter$VirtualFilterChain.doFilter(CompositeFilter.java:113)
	at org.springframework.web.filter.CompositeFilter.doFilter(CompositeFilter.java:74)
	at org.springframework.security.config.annotation.web.configuration.WebSecurityConfiguration$CompositeFilterChainProxy.doFilter(WebSecurityConfiguration.java:317)
	at org.springframework.web.filter.DelegatingFilterProxy.invokeDelegate(DelegatingFilterProxy.java:355)
	at org.springframework.web.filter.DelegatingFilterProxy.doFilter(DelegatingFilterProxy.java:272)
	at org.apache.catalina.core.ApplicationFilterChain.doFilter(ApplicationFilterChain.java:111)
	at org.springframework.web.filter.RequestContextFilter.doFilterInternal(RequestContextFilter.java:100)
	at org.springframework.web.filter.OncePerRequestFilter.doFilter(OncePerRequestFilter.java:116)
	at org.apache.catalina.core.ApplicationFilterChain.doFilter(ApplicationFilterChain.java:111)
	at org.springframework.web.filter.FormContentFilter.doFilterInternal(FormContentFilter.java:93)
	at org.springframework.web.filter.OncePerRequestFilter.doFilter(OncePerRequestFilter.java:116)
	at org.apache.catalina.core.ApplicationFilterChain.doFilter(ApplicationFilterChain.java:111)
	at org.springframework.web.filter.CharacterEncodingFilter.doFilterInternal(CharacterEncodingFilter.java:199)
	at org.springframework.web.filter.OncePerRequestFilter.doFilter(OncePerRequestFilter.java:116)
	at org.apache.catalina.core.ApplicationFilterChain.doFilter(ApplicationFilterChain.java:111)
	at org.apache.catalina.core.StandardWrapperValve.invoke(StandardWrapperValve.java:165)
	at org.apache.catalina.core.StandardContextValve.invoke(StandardContextValve.java:77)
	at org.apache.catalina.authenticator.AuthenticatorBase.invoke(AuthenticatorBase.java:535)
	at org.apache.catalina.core.StandardHostValve.invoke(StandardHostValve.java:115)
	at org.apache.catalina.valves.ErrorReportValve.invoke(ErrorReportValve.java:86)
	at org.apache.catalina.core.StandardEngineValve.invoke(StandardEngineValve.java:71)
	at org.apache.catalina.connector.CoyoteAdapter.service(CoyoteAdapter.java:347)
	at org.apache.coyote.http11.Http11Processor.service(Http11Processor.java:406)
	at org.apache.coyote.AbstractProcessorLight.process(AbstractProcessorLight.java:71)
	at org.apache.coyote.AbstractProtocol$ConnectionHandler.process(AbstractProtocol.java:1307)
	at org.apache.tomcat.util.net.NioEndpoint$SocketProcessor.doRun(NioEndpoint.java:2036)
	at org.apache.tomcat.util.net.SocketProcessorBase.run(SocketProcessorBase.java:74)
	at org.apache.tomcat.util.threads.ThreadPoolExecutor.runWorker(ThreadPoolExecutor.java:949)
	at org.apache.tomcat.util.threads.ThreadPoolExecutor$Worker.run(ThreadPoolExecutor.java:483)
	at org.apache.tomcat.util.threads.TaskThread$WrappingRunnable.run(TaskThread.java:74)
	at java.base/java.lang.Thread.run(Thread.java:1583)
2026-09-04 14:07:26.784 WARN  [http-nio-8080-exec-2] o.s.w.s.m.m.a.ExceptionHandlerExceptionResolver - Resolved [org.springframework.web.servlet.resource.NoResourceFoundException: No static resource api/students for request '/api/students/'.]
2026-09-04 14:07:26.784 INFO  [http-nio-8080-exec-2] c.b.a.filter.ApiLoggingFilter - API method=GET uri=/api/students/ status=500 durationMs=43 user=bulton requestBody= responseBody={"success":true,"status":500,"message":"An Unexpected Server Error","data":null,"error":null,"timestamp":"2026-09-04T14:07:26.754433"}
2026-09-04 14:08:22.708 ERROR [http-nio-8080-exec-4] c.b.a.exception.GlobalExceptionHandler - Unexpected server error
org.springframework.web.servlet.resource.NoResourceFoundException: No static resource api/students for request '/api/students/'.
	at org.springframework.web.servlet.resource.ResourceHttpRequestHandler.handleRequest(ResourceHttpRequestHandler.java:527)
	at org.springframework.web.servlet.mvc.HttpRequestHandlerAdapter.handle(HttpRequestHandlerAdapter.java:50)
	at org.springframework.web.servlet.DispatcherServlet.doDispatch(DispatcherServlet.java:963)
	at org.springframework.web.servlet.DispatcherServlet.doService(DispatcherServlet.java:866)
	at org.springframework.web.servlet.FrameworkServlet.processRequest(FrameworkServlet.java:1000)
	at org.springframework.web.servlet.FrameworkServlet.doPost(FrameworkServlet.java:903)
	at jakarta.servlet.http.HttpServlet.service(HttpServlet.java:649)
	at org.springframework.web.servlet.FrameworkServlet.service(FrameworkServlet.java:874)
	at jakarta.servlet.http.HttpServlet.service(HttpServlet.java:710)
	at org.apache.catalina.core.ApplicationFilterChain.doFilter(ApplicationFilterChain.java:132)
	at org.apache.tomcat.websocket.server.WsFilter.doFilter(WsFilter.java:59)
	at org.apache.catalina.core.ApplicationFilterChain.doFilter(ApplicationFilterChain.java:111)
	at com.bulton.api_student_management.filter.ApiLoggingFilter.doFilterInternal(ApiLoggingFilter.java:38)
	at org.springframework.web.filter.OncePerRequestFilter.doFilter(OncePerRequestFilter.java:116)
	at org.apache.catalina.core.ApplicationFilterChain.doFilter(ApplicationFilterChain.java:111)
	at org.springframework.web.filter.CompositeFilter$VirtualFilterChain.doFilter(CompositeFilter.java:108)
	at org.springframework.security.web.FilterChainProxy.lambda$doFilterInternal$2(FilterChainProxy.java:235)
	at org.springframework.security.web.FilterChainProxy$VirtualFilterChain.doFilter(FilterChainProxy.java:376)
	at org.springframework.security.web.access.intercept.AuthorizationFilter.doFilter(AuthorizationFilter.java:101)
	at org.springframework.security.web.FilterChainProxy$VirtualFilterChain.doFilter(FilterChainProxy.java:385)
	at org.springframework.security.web.access.ExceptionTranslationFilter.doFilter(ExceptionTranslationFilter.java:126)
	at org.springframework.security.web.access.ExceptionTranslationFilter.doFilter(ExceptionTranslationFilter.java:120)
	at org.springframework.security.web.FilterChainProxy$VirtualFilterChain.doFilter(FilterChainProxy.java:385)
	at org.springframework.security.web.session.SessionManagementFilter.doFilter(SessionManagementFilter.java:132)
	at org.springframework.security.web.session.SessionManagementFilter.doFilter(SessionManagementFilter.java:86)
	at org.springframework.security.web.FilterChainProxy$VirtualFilterChain.doFilter(FilterChainProxy.java:385)
	at org.springframework.security.web.authentication.AnonymousAuthenticationFilter.doFilter(AnonymousAuthenticationFilter.java:100)
	at org.springframework.security.web.FilterChainProxy$VirtualFilterChain.doFilter(FilterChainProxy.java:385)
	at org.springframework.security.web.servletapi.SecurityContextHolderAwareRequestFilter.doFilter(SecurityContextHolderAwareRequestFilter.java:181)
	at org.springframework.security.web.FilterChainProxy$VirtualFilterChain.doFilter(FilterChainProxy.java:385)
	at org.springframework.security.web.savedrequest.RequestCacheAwareFilter.doFilter(RequestCacheAwareFilter.java:63)
	at org.springframework.security.web.FilterChainProxy$VirtualFilterChain.doFilter(FilterChainProxy.java:385)
	at org.springframework.security.oauth2.server.resource.web.authentication.BearerTokenAuthenticationFilter.doFilterInternal(BearerTokenAuthenticationFilter.java:207)
	at org.springframework.web.filter.OncePerRequestFilter.doFilter(OncePerRequestFilter.java:116)
	at org.springframework.security.web.FilterChainProxy$VirtualFilterChain.doFilter(FilterChainProxy.java:385)
	at org.springframework.security.oauth2.server.resource.web.OAuth2ProtectedResourceMetadataFilter.doFilterInternal(OAuth2ProtectedResourceMetadataFilter.java:98)
	at org.springframework.web.filter.OncePerRequestFilter.doFilter(OncePerRequestFilter.java:116)
	at org.springframework.security.web.FilterChainProxy$VirtualFilterChain.doFilter(FilterChainProxy.java:385)
	at org.springframework.security.web.authentication.logout.LogoutFilter.doFilter(LogoutFilter.java:110)
	at org.springframework.security.web.authentication.logout.LogoutFilter.doFilter(LogoutFilter.java:96)
	at org.springframework.security.web.FilterChainProxy$VirtualFilterChain.doFilter(FilterChainProxy.java:385)
	at org.springframework.security.web.header.HeaderWriterFilter.doHeadersAfter(HeaderWriterFilter.java:90)
	at org.springframework.security.web.header.HeaderWriterFilter.doFilterInternal(HeaderWriterFilter.java:75)
	at org.springframework.web.filter.OncePerRequestFilter.doFilter(OncePerRequestFilter.java:116)
	at org.springframework.security.web.FilterChainProxy$VirtualFilterChain.doFilter(FilterChainProxy.java:385)
	at org.springframework.security.web.context.SecurityContextHolderFilter.doFilter(SecurityContextHolderFilter.java:82)
	at org.springframework.security.web.context.SecurityContextHolderFilter.doFilter(SecurityContextHolderFilter.java:69)
	at org.springframework.security.web.FilterChainProxy$VirtualFilterChain.doFilter(FilterChainProxy.java:385)
	at org.springframework.security.web.context.request.async.WebAsyncManagerIntegrationFilter.doFilterInternal(WebAsyncManagerIntegrationFilter.java:62)
	at org.springframework.web.filter.OncePerRequestFilter.doFilter(OncePerRequestFilter.java:116)
	at org.springframework.security.web.FilterChainProxy$VirtualFilterChain.doFilter(FilterChainProxy.java:385)
	at org.springframework.security.web.session.DisableEncodeUrlFilter.doFilterInternal(DisableEncodeUrlFilter.java:42)
	at org.springframework.web.filter.OncePerRequestFilter.doFilter(OncePerRequestFilter.java:116)
	at org.springframework.security.web.FilterChainProxy$VirtualFilterChain.doFilter(FilterChainProxy.java:385)
	at org.springframework.security.web.FilterChainProxy.doFilterInternal(FilterChainProxy.java:237)
	at org.springframework.security.web.FilterChainProxy.doFilter(FilterChainProxy.java:195)
	at org.springframework.web.filter.CompositeFilter$VirtualFilterChain.doFilter(CompositeFilter.java:113)
	at org.springframework.web.filter.ServletRequestPathFilter.doFilter(ServletRequestPathFilter.java:52)
	at org.springframework.web.filter.CompositeFilter$VirtualFilterChain.doFilter(CompositeFilter.java:113)
	at org.springframework.web.filter.CompositeFilter.doFilter(CompositeFilter.java:74)
	at org.springframework.security.config.annotation.web.configuration.WebSecurityConfiguration$CompositeFilterChainProxy.doFilter(WebSecurityConfiguration.java:317)
	at org.springframework.web.filter.DelegatingFilterProxy.invokeDelegate(DelegatingFilterProxy.java:355)
	at org.springframework.web.filter.DelegatingFilterProxy.doFilter(DelegatingFilterProxy.java:272)
	at org.apache.catalina.core.ApplicationFilterChain.doFilter(ApplicationFilterChain.java:111)
	at org.springframework.web.filter.RequestContextFilter.doFilterInternal(RequestContextFilter.java:100)
	at org.springframework.web.filter.OncePerRequestFilter.doFilter(OncePerRequestFilter.java:116)
	at org.apache.catalina.core.ApplicationFilterChain.doFilter(ApplicationFilterChain.java:111)
	at org.springframework.web.filter.FormContentFilter.doFilterInternal(FormContentFilter.java:93)
	at org.springframework.web.filter.OncePerRequestFilter.doFilter(OncePerRequestFilter.java:116)
	at org.apache.catalina.core.ApplicationFilterChain.doFilter(ApplicationFilterChain.java:111)
	at org.springframework.web.filter.CharacterEncodingFilter.doFilterInternal(CharacterEncodingFilter.java:199)
	at org.springframework.web.filter.OncePerRequestFilter.doFilter(OncePerRequestFilter.java:116)
	at org.apache.catalina.core.ApplicationFilterChain.doFilter(ApplicationFilterChain.java:111)
	at org.apache.catalina.core.StandardWrapperValve.invoke(StandardWrapperValve.java:165)
	at org.apache.catalina.core.StandardContextValve.invoke(StandardContextValve.java:77)
	at org.apache.catalina.authenticator.AuthenticatorBase.invoke(AuthenticatorBase.java:535)
	at org.apache.catalina.core.StandardHostValve.invoke(StandardHostValve.java:115)
	at org.apache.catalina.valves.ErrorReportValve.invoke(ErrorReportValve.java:86)
	at org.apache.catalina.core.StandardEngineValve.invoke(StandardEngineValve.java:71)
	at org.apache.catalina.connector.CoyoteAdapter.service(CoyoteAdapter.java:347)
	at org.apache.coyote.http11.Http11Processor.service(Http11Processor.java:406)
	at org.apache.coyote.AbstractProcessorLight.process(AbstractProcessorLight.java:71)
	at org.apache.coyote.AbstractProtocol$ConnectionHandler.process(AbstractProtocol.java:1307)
	at org.apache.tomcat.util.net.NioEndpoint$SocketProcessor.doRun(NioEndpoint.java:2036)
	at org.apache.tomcat.util.net.SocketProcessorBase.run(SocketProcessorBase.java:74)
	at org.apache.tomcat.util.threads.ThreadPoolExecutor.runWorker(ThreadPoolExecutor.java:949)
	at org.apache.tomcat.util.threads.ThreadPoolExecutor$Worker.run(ThreadPoolExecutor.java:483)
	at org.apache.tomcat.util.threads.TaskThread$WrappingRunnable.run(TaskThread.java:74)
	at java.base/java.lang.Thread.run(Thread.java:1583)
2026-09-04 14:08:22.721 WARN  [http-nio-8080-exec-4] o.s.w.s.m.m.a.ExceptionHandlerExceptionResolver - Resolved [org.springframework.web.servlet.resource.NoResourceFoundException: No static resource api/students for request '/api/students/'.]
2026-09-04 14:08:22.721 INFO  [http-nio-8080-exec-4] c.b.a.filter.ApiLoggingFilter - API method=POST uri=/api/students/ status=500 durationMs=16 user=bulton requestBody= responseBody={"success":true,"status":500,"message":"An Unexpected Server Error","data":null,"error":null,"timestamp":"2026-09-04T14:08:22.720295"}
2026-09-04 14:08:54.236 ERROR [http-nio-8080-exec-6] c.b.a.exception.GlobalExceptionHandler - Unexpected server error
org.springframework.web.servlet.resource.NoResourceFoundException: No static resource api/students for request '/api/students/'.
	at org.springframework.web.servlet.resource.ResourceHttpRequestHandler.handleRequest(ResourceHttpRequestHandler.java:527)
	at org.springframework.web.servlet.mvc.HttpRequestHandlerAdapter.handle(HttpRequestHandlerAdapter.java:50)
	at org.springframework.web.servlet.DispatcherServlet.doDispatch(DispatcherServlet.java:963)
	at org.springframework.web.servlet.DispatcherServlet.doService(DispatcherServlet.java:866)
	at org.springframework.web.servlet.FrameworkServlet.processRequest(FrameworkServlet.java:1000)
	at org.springframework.web.servlet.FrameworkServlet.doPost(FrameworkServlet.java:903)
	at jakarta.servlet.http.HttpServlet.service(HttpServlet.java:649)
	at org.springframework.web.servlet.FrameworkServlet.service(FrameworkServlet.java:874)
	at jakarta.servlet.http.HttpServlet.service(HttpServlet.java:710)
	at org.apache.catalina.core.ApplicationFilterChain.doFilter(ApplicationFilterChain.java:132)
	at org.apache.tomcat.websocket.server.WsFilter.doFilter(WsFilter.java:59)
	at org.apache.catalina.core.ApplicationFilterChain.doFilter(ApplicationFilterChain.java:111)
	at com.bulton.api_student_management.filter.ApiLoggingFilter.doFilterInternal(ApiLoggingFilter.java:38)
	at org.springframework.web.filter.OncePerRequestFilter.doFilter(OncePerRequestFilter.java:116)
	at org.apache.catalina.core.ApplicationFilterChain.doFilter(ApplicationFilterChain.java:111)
	at org.springframework.web.filter.CompositeFilter$VirtualFilterChain.doFilter(CompositeFilter.java:108)
	at org.springframework.security.web.FilterChainProxy.lambda$doFilterInternal$2(FilterChainProxy.java:235)
	at org.springframework.security.web.FilterChainProxy$VirtualFilterChain.doFilter(FilterChainProxy.java:376)
	at org.springframework.security.web.access.intercept.AuthorizationFilter.doFilter(AuthorizationFilter.java:101)
	at org.springframework.security.web.FilterChainProxy$VirtualFilterChain.doFilter(FilterChainProxy.java:385)
	at org.springframework.security.web.access.ExceptionTranslationFilter.doFilter(ExceptionTranslationFilter.java:126)
	at org.springframework.security.web.access.ExceptionTranslationFilter.doFilter(ExceptionTranslationFilter.java:120)
	at org.springframework.security.web.FilterChainProxy$VirtualFilterChain.doFilter(FilterChainProxy.java:385)
	at org.springframework.security.web.session.SessionManagementFilter.doFilter(SessionManagementFilter.java:132)
	at org.springframework.security.web.session.SessionManagementFilter.doFilter(SessionManagementFilter.java:86)
	at org.springframework.security.web.FilterChainProxy$VirtualFilterChain.doFilter(FilterChainProxy.java:385)
	at org.springframework.security.web.authentication.AnonymousAuthenticationFilter.doFilter(AnonymousAuthenticationFilter.java:100)
	at org.springframework.security.web.FilterChainProxy$VirtualFilterChain.doFilter(FilterChainProxy.java:385)
	at org.springframework.security.web.servletapi.SecurityContextHolderAwareRequestFilter.doFilter(SecurityContextHolderAwareRequestFilter.java:181)
	at org.springframework.security.web.FilterChainProxy$VirtualFilterChain.doFilter(FilterChainProxy.java:385)
	at org.springframework.security.web.savedrequest.RequestCacheAwareFilter.doFilter(RequestCacheAwareFilter.java:63)
	at org.springframework.security.web.FilterChainProxy$VirtualFilterChain.doFilter(FilterChainProxy.java:385)
	at org.springframework.security.oauth2.server.resource.web.authentication.BearerTokenAuthenticationFilter.doFilterInternal(BearerTokenAuthenticationFilter.java:207)
	at org.springframework.web.filter.OncePerRequestFilter.doFilter(OncePerRequestFilter.java:116)
	at org.springframework.security.web.FilterChainProxy$VirtualFilterChain.doFilter(FilterChainProxy.java:385)
	at org.springframework.security.oauth2.server.resource.web.OAuth2ProtectedResourceMetadataFilter.doFilterInternal(OAuth2ProtectedResourceMetadataFilter.java:98)
	at org.springframework.web.filter.OncePerRequestFilter.doFilter(OncePerRequestFilter.java:116)
	at org.springframework.security.web.FilterChainProxy$VirtualFilterChain.doFilter(FilterChainProxy.java:385)
	at org.springframework.security.web.authentication.logout.LogoutFilter.doFilter(LogoutFilter.java:110)
	at org.springframework.security.web.authentication.logout.LogoutFilter.doFilter(LogoutFilter.java:96)
	at org.springframework.security.web.FilterChainProxy$VirtualFilterChain.doFilter(FilterChainProxy.java:385)
	at org.springframework.security.web.header.HeaderWriterFilter.doHeadersAfter(HeaderWriterFilter.java:90)
	at org.springframework.security.web.header.HeaderWriterFilter.doFilterInternal(HeaderWriterFilter.java:75)
	at org.springframework.web.filter.OncePerRequestFilter.doFilter(OncePerRequestFilter.java:116)
	at org.springframework.security.web.FilterChainProxy$VirtualFilterChain.doFilter(FilterChainProxy.java:385)
	at org.springframework.security.web.context.SecurityContextHolderFilter.doFilter(SecurityContextHolderFilter.java:82)
	at org.springframework.security.web.context.SecurityContextHolderFilter.doFilter(SecurityContextHolderFilter.java:69)
	at org.springframework.security.web.FilterChainProxy$VirtualFilterChain.doFilter(FilterChainProxy.java:385)
	at org.springframework.security.web.context.request.async.WebAsyncManagerIntegrationFilter.doFilterInternal(WebAsyncManagerIntegrationFilter.java:62)
	at org.springframework.web.filter.OncePerRequestFilter.doFilter(OncePerRequestFilter.java:116)
	at org.springframework.security.web.FilterChainProxy$VirtualFilterChain.doFilter(FilterChainProxy.java:385)
	at org.springframework.security.web.session.DisableEncodeUrlFilter.doFilterInternal(DisableEncodeUrlFilter.java:42)
	at org.springframework.web.filter.OncePerRequestFilter.doFilter(OncePerRequestFilter.java:116)
	at org.springframework.security.web.FilterChainProxy$VirtualFilterChain.doFilter(FilterChainProxy.java:385)
	at org.springframework.security.web.FilterChainProxy.doFilterInternal(FilterChainProxy.java:237)
	at org.springframework.security.web.FilterChainProxy.doFilter(FilterChainProxy.java:195)
	at org.springframework.web.filter.CompositeFilter$VirtualFilterChain.doFilter(CompositeFilter.java:113)
	at org.springframework.web.filter.ServletRequestPathFilter.doFilter(ServletRequestPathFilter.java:52)
	at org.springframework.web.filter.CompositeFilter$VirtualFilterChain.doFilter(CompositeFilter.java:113)
	at org.springframework.web.filter.CompositeFilter.doFilter(CompositeFilter.java:74)
	at org.springframework.security.config.annotation.web.configuration.WebSecurityConfiguration$CompositeFilterChainProxy.doFilter(WebSecurityConfiguration.java:317)
	at org.springframework.web.filter.DelegatingFilterProxy.invokeDelegate(DelegatingFilterProxy.java:355)
	at org.springframework.web.filter.DelegatingFilterProxy.doFilter(DelegatingFilterProxy.java:272)
	at org.apache.catalina.core.ApplicationFilterChain.doFilter(ApplicationFilterChain.java:111)
	at org.springframework.web.filter.RequestContextFilter.doFilterInternal(RequestContextFilter.java:100)
	at org.springframework.web.filter.OncePerRequestFilter.doFilter(OncePerRequestFilter.java:116)
	at org.apache.catalina.core.ApplicationFilterChain.doFilter(ApplicationFilterChain.java:111)
	at org.springframework.web.filter.FormContentFilter.doFilterInternal(FormContentFilter.java:93)
	at org.springframework.web.filter.OncePerRequestFilter.doFilter(OncePerRequestFilter.java:116)
	at org.apache.catalina.core.ApplicationFilterChain.doFilter(ApplicationFilterChain.java:111)
	at org.springframework.web.filter.CharacterEncodingFilter.doFilterInternal(CharacterEncodingFilter.java:199)
	at org.springframework.web.filter.OncePerRequestFilter.doFilter(OncePerRequestFilter.java:116)
	at org.apache.catalina.core.ApplicationFilterChain.doFilter(ApplicationFilterChain.java:111)
	at org.apache.catalina.core.StandardWrapperValve.invoke(StandardWrapperValve.java:165)
	at org.apache.catalina.core.StandardContextValve.invoke(StandardContextValve.java:77)
	at org.apache.catalina.authenticator.AuthenticatorBase.invoke(AuthenticatorBase.java:535)
	at org.apache.catalina.core.StandardHostValve.invoke(StandardHostValve.java:115)
	at org.apache.catalina.valves.ErrorReportValve.invoke(ErrorReportValve.java:86)
	at org.apache.catalina.core.StandardEngineValve.invoke(StandardEngineValve.java:71)
	at org.apache.catalina.connector.CoyoteAdapter.service(CoyoteAdapter.java:347)
	at org.apache.coyote.http11.Http11Processor.service(Http11Processor.java:406)
	at org.apache.coyote.AbstractProcessorLight.process(AbstractProcessorLight.java:71)
	at org.apache.coyote.AbstractProtocol$ConnectionHandler.process(AbstractProtocol.java:1307)
	at org.apache.tomcat.util.net.NioEndpoint$SocketProcessor.doRun(NioEndpoint.java:2036)
	at org.apache.tomcat.util.net.SocketProcessorBase.run(SocketProcessorBase.java:74)
	at org.apache.tomcat.util.threads.ThreadPoolExecutor.runWorker(ThreadPoolExecutor.java:949)
	at org.apache.tomcat.util.threads.ThreadPoolExecutor$Worker.run(ThreadPoolExecutor.java:483)
	at org.apache.tomcat.util.threads.TaskThread$WrappingRunnable.run(TaskThread.java:74)
	at java.base/java.lang.Thread.run(Thread.java:1583)
2026-09-04 14:08:54.239 WARN  [http-nio-8080-exec-6] o.s.w.s.m.m.a.ExceptionHandlerExceptionResolver - Resolved [org.springframework.web.servlet.resource.NoResourceFoundException: No static resource api/students for request '/api/students/'.]
2026-09-04 14:08:54.239 INFO  [http-nio-8080-exec-6] c.b.a.filter.ApiLoggingFilter - API method=POST uri=/api/students/ status=500 durationMs=5 user=bulton requestBody= responseBody={"success":true,"status":500,"message":"An Unexpected Server Error","data":null,"error":null,"timestamp":"2026-09-04T14:08:54.238418"}
2026-09-04 14:09:11.257 INFO  [SpringApplicationShutdownHook] o.s.boot.tomcat.GracefulShutdown - Commencing graceful shutdown. Waiting for active requests to complete
2026-09-04 14:09:11.267 INFO  [tomcat-shutdown] o.s.boot.tomcat.GracefulShutdown - Graceful shutdown complete
2026-09-04 14:09:11.272 INFO  [SpringApplicationShutdownHook] o.s.o.j.LocalContainerEntityManagerFactoryBean - Closing JPA EntityManagerFactory for persistence unit 'default'
2026-09-04 14:09:11.276 INFO  [SpringApplicationShutdownHook] com.zaxxer.hikari.HikariDataSource - HikariPool-1 - Shutdown initiated...
2026-09-04 14:09:11.277 INFO  [SpringApplicationShutdownHook] com.zaxxer.hikari.HikariDataSource - HikariPool-1 - Shutdown completed.
2026-09-04 14:09:15.549 INFO  [background-preinit] o.h.validator.internal.util.Version - HV000001: Hibernate Validator 9.1.3.Final
2026-09-04 14:09:15.573 INFO  [restartedMain] c.b.a.ApiStudentManagementApplication - Starting ApiStudentManagementApplication using Java 21.0.10 with PID 45653 (/Users/macbook/Downloads/api_student_management/target/classes started by macbook in /Users/macbook/Downloads/api_student_management)
2026-09-04 14:09:15.574 INFO  [restartedMain] c.b.a.ApiStudentManagementApplication - No active profile set, falling back to 1 default profile: "default"
2026-09-04 14:09:15.595 INFO  [restartedMain] o.s.b.d.e.DevToolsPropertyDefaultsPostProcessor - Devtools property defaults active! Set 'spring.devtools.add-properties' to 'false' to disable
2026-09-04 14:09:15.595 INFO  [restartedMain] o.s.b.d.e.DevToolsPropertyDefaultsPostProcessor - For additional web related logging consider setting the 'logging.level.web' property to 'DEBUG'
2026-09-04 14:09:15.885 INFO  [restartedMain] o.s.d.r.c.RepositoryConfigurationDelegate - Bootstrapping Spring Data JPA repositories in DEFAULT mode.
2026-09-04 14:09:15.955 INFO  [restartedMain] o.s.d.r.c.RepositoryConfigurationDelegate - Finished Spring Data repository scanning in 65 ms. Found 2 JPA repository interfaces.
2026-09-04 14:09:16.206 INFO  [restartedMain] o.s.boot.tomcat.TomcatWebServer - Tomcat initialized with port 8080 (http)
2026-09-04 14:09:16.212 INFO  [restartedMain] o.apache.coyote.http11.Http11NioProtocol - Initializing ProtocolHandler ["http-nio-8080"]
2026-09-04 14:09:16.214 INFO  [restartedMain] o.apache.catalina.core.StandardService - Starting service [Tomcat]
2026-09-04 14:09:16.214 INFO  [restartedMain] org.apache.catalina.core.StandardEngine - Starting Servlet engine: [Apache Tomcat/11.0.24]
2026-09-04 14:09:16.231 INFO  [restartedMain] o.s.b.w.c.s.WebApplicationContextInitializer - Root WebApplicationContext: initialization completed in 636 ms
2026-09-04 14:09:16.317 INFO  [restartedMain] org.hibernate.orm.jpa - HHH008540: Processing PersistenceUnitInfo [name: default]
2026-09-04 14:09:16.338 INFO  [restartedMain] org.hibernate.orm.core - HHH000001: Hibernate ORM core version 7.4.5.Final
2026-09-04 14:09:16.513 INFO  [restartedMain] o.s.o.j.p.SpringPersistenceUnitInfo - No LoadTimeWeaver setup: ignoring JPA class transformer
2026-09-04 14:09:16.527 INFO  [restartedMain] com.zaxxer.hikari.HikariDataSource - HikariPool-1 - Starting...
2026-09-04 14:09:16.576 INFO  [restartedMain] com.zaxxer.hikari.pool.HikariPool - HikariPool-1 - Added connection org.postgresql.jdbc.PgConnection@4b088837
2026-09-04 14:09:16.577 INFO  [restartedMain] com.zaxxer.hikari.HikariDataSource - HikariPool-1 - Start completed.
2026-09-04 14:09:16.609 INFO  [restartedMain] org.hibernate.orm.connections.pooling - HHH10001005: Database info:
	Database JDBC URL [jdbc:postgresql://localhost:5432/student_management]
	Database driver: PostgreSQL JDBC Driver
	Database dialect: PostgreSQLDialect
	Database version: 18.6
	Default catalog/schema: student_management/public
	Autocommit mode: undefined/unknown
	Isolation level: READ_COMMITTED [default READ_COMMITTED]
	JDBC fetch size: none
	Pool: DataSourceConnectionProvider
	Minimum pool size: undefined/unknown
	Maximum pool size: undefined/unknown
2026-09-04 14:09:17.004 INFO  [restartedMain] org.hibernate.orm.core - HHH000489: No JTA platform available (set 'hibernate.transaction.jta.platform' to enable JTA platform integration)
2026-09-04 14:09:17.053 WARN  [restartedMain] org.hibernate.orm.jdbc.warn - HHH000247: ErrorCode: 0, SQLState: 00000
2026-09-04 14:09:17.053 WARN  [restartedMain] org.hibernate.orm.jdbc.warn - constraint "uk_students_student_name" of relation "students" does not exist, skipping
2026-09-04 14:09:17.055 INFO  [restartedMain] o.s.o.j.LocalContainerEntityManagerFactoryBean - Initialized JPA EntityManagerFactory for persistence unit 'default'
2026-09-04 14:09:17.097 INFO  [restartedMain] o.s.d.j.r.query.QueryEnhancerFactories - Hibernate is in classpath; If applicable, HQL parser will be used.
2026-09-04 14:09:17.177 INFO  [restartedMain] o.s.s.c.a.a.c.InitializeUserDetailsBeanManagerConfigurer$InitializeUserDetailsManagerConfigurer - Global AuthenticationManager configured with UserDetailsService bean with name userDetailsService
2026-09-04 14:09:17.472 INFO  [restartedMain] o.apache.coyote.http11.Http11NioProtocol - Starting ProtocolHandler ["http-nio-8080"]
2026-09-04 14:09:17.479 INFO  [restartedMain] o.s.boot.tomcat.TomcatWebServer - Tomcat started on port 8080 (http) with context path '/'
2026-09-04 14:09:17.483 INFO  [restartedMain] c.b.a.ApiStudentManagementApplication - Started ApiStudentManagementApplication in 2.116 seconds (process running for 2.306)
2026-09-04 14:09:21.471 INFO  [http-nio-8080-exec-2] o.a.c.c.C.[Tomcat].[localhost].[/] - Initializing Spring DispatcherServlet 'dispatcherServlet'
2026-09-04 14:09:21.471 INFO  [http-nio-8080-exec-2] o.s.web.servlet.DispatcherServlet - Initializing Servlet 'dispatcherServlet'
2026-09-04 14:09:21.472 INFO  [http-nio-8080-exec-2] o.s.web.servlet.DispatcherServlet - Completed initialization in 1 ms
2026-09-04 14:09:21.526 ERROR [http-nio-8080-exec-2] c.b.a.exception.GlobalExceptionHandler - Unexpected server error
org.springframework.web.servlet.resource.NoResourceFoundException: No static resource api/students for request '/api/students/'.
	at org.springframework.web.servlet.resource.ResourceHttpRequestHandler.handleRequest(ResourceHttpRequestHandler.java:527)
	at org.springframework.web.servlet.mvc.HttpRequestHandlerAdapter.handle(HttpRequestHandlerAdapter.java:50)
	at org.springframework.web.servlet.DispatcherServlet.doDispatch(DispatcherServlet.java:963)
	at org.springframework.web.servlet.DispatcherServlet.doService(DispatcherServlet.java:866)
	at org.springframework.web.servlet.FrameworkServlet.processRequest(FrameworkServlet.java:1000)
	at org.springframework.web.servlet.FrameworkServlet.doPost(FrameworkServlet.java:903)
	at jakarta.servlet.http.HttpServlet.service(HttpServlet.java:649)
	at org.springframework.web.servlet.FrameworkServlet.service(FrameworkServlet.java:874)
	at jakarta.servlet.http.HttpServlet.service(HttpServlet.java:710)
	at org.apache.catalina.core.ApplicationFilterChain.doFilter(ApplicationFilterChain.java:132)
	at org.apache.tomcat.websocket.server.WsFilter.doFilter(WsFilter.java:59)
	at org.apache.catalina.core.ApplicationFilterChain.doFilter(ApplicationFilterChain.java:111)
	at com.bulton.api_student_management.filter.ApiLoggingFilter.doFilterInternal(ApiLoggingFilter.java:38)
	at org.springframework.web.filter.OncePerRequestFilter.doFilter(OncePerRequestFilter.java:116)
	at org.apache.catalina.core.ApplicationFilterChain.doFilter(ApplicationFilterChain.java:111)
	at org.springframework.web.filter.CompositeFilter$VirtualFilterChain.doFilter(CompositeFilter.java:108)
	at org.springframework.security.web.FilterChainProxy.lambda$doFilterInternal$2(FilterChainProxy.java:235)
	at org.springframework.security.web.FilterChainProxy$VirtualFilterChain.doFilter(FilterChainProxy.java:376)
	at org.springframework.security.web.access.intercept.AuthorizationFilter.doFilter(AuthorizationFilter.java:101)
	at org.springframework.security.web.FilterChainProxy$VirtualFilterChain.doFilter(FilterChainProxy.java:385)
	at org.springframework.security.web.access.ExceptionTranslationFilter.doFilter(ExceptionTranslationFilter.java:126)
	at org.springframework.security.web.access.ExceptionTranslationFilter.doFilter(ExceptionTranslationFilter.java:120)
	at org.springframework.security.web.FilterChainProxy$VirtualFilterChain.doFilter(FilterChainProxy.java:385)
	at org.springframework.security.web.session.SessionManagementFilter.doFilter(SessionManagementFilter.java:132)
	at org.springframework.security.web.session.SessionManagementFilter.doFilter(SessionManagementFilter.java:86)
	at org.springframework.security.web.FilterChainProxy$VirtualFilterChain.doFilter(FilterChainProxy.java:385)
	at org.springframework.security.web.authentication.AnonymousAuthenticationFilter.doFilter(AnonymousAuthenticationFilter.java:100)
	at org.springframework.security.web.FilterChainProxy$VirtualFilterChain.doFilter(FilterChainProxy.java:385)
	at org.springframework.security.web.servletapi.SecurityContextHolderAwareRequestFilter.doFilter(SecurityContextHolderAwareRequestFilter.java:181)
	at org.springframework.security.web.FilterChainProxy$VirtualFilterChain.doFilter(FilterChainProxy.java:385)
	at org.springframework.security.web.savedrequest.RequestCacheAwareFilter.doFilter(RequestCacheAwareFilter.java:63)
	at org.springframework.security.web.FilterChainProxy$VirtualFilterChain.doFilter(FilterChainProxy.java:385)
	at org.springframework.security.oauth2.server.resource.web.authentication.BearerTokenAuthenticationFilter.doFilterInternal(BearerTokenAuthenticationFilter.java:207)
	at org.springframework.web.filter.OncePerRequestFilter.doFilter(OncePerRequestFilter.java:116)
	at org.springframework.security.web.FilterChainProxy$VirtualFilterChain.doFilter(FilterChainProxy.java:385)
	at org.springframework.security.oauth2.server.resource.web.OAuth2ProtectedResourceMetadataFilter.doFilterInternal(OAuth2ProtectedResourceMetadataFilter.java:98)
	at org.springframework.web.filter.OncePerRequestFilter.doFilter(OncePerRequestFilter.java:116)
	at org.springframework.security.web.FilterChainProxy$VirtualFilterChain.doFilter(FilterChainProxy.java:385)
	at org.springframework.security.web.authentication.logout.LogoutFilter.doFilter(LogoutFilter.java:110)
	at org.springframework.security.web.authentication.logout.LogoutFilter.doFilter(LogoutFilter.java:96)
	at org.springframework.security.web.FilterChainProxy$VirtualFilterChain.doFilter(FilterChainProxy.java:385)
	at org.springframework.security.web.header.HeaderWriterFilter.doHeadersAfter(HeaderWriterFilter.java:90)
	at org.springframework.security.web.header.HeaderWriterFilter.doFilterInternal(HeaderWriterFilter.java:75)
	at org.springframework.web.filter.OncePerRequestFilter.doFilter(OncePerRequestFilter.java:116)
	at org.springframework.security.web.FilterChainProxy$VirtualFilterChain.doFilter(FilterChainProxy.java:385)
	at org.springframework.security.web.context.SecurityContextHolderFilter.doFilter(SecurityContextHolderFilter.java:82)
	at org.springframework.security.web.context.SecurityContextHolderFilter.doFilter(SecurityContextHolderFilter.java:69)
	at org.springframework.security.web.FilterChainProxy$VirtualFilterChain.doFilter(FilterChainProxy.java:385)
	at org.springframework.security.web.context.request.async.WebAsyncManagerIntegrationFilter.doFilterInternal(WebAsyncManagerIntegrationFilter.java:62)
	at org.springframework.web.filter.OncePerRequestFilter.doFilter(OncePerRequestFilter.java:116)
	at org.springframework.security.web.FilterChainProxy$VirtualFilterChain.doFilter(FilterChainProxy.java:385)
	at org.springframework.security.web.session.DisableEncodeUrlFilter.doFilterInternal(DisableEncodeUrlFilter.java:42)
	at org.springframework.web.filter.OncePerRequestFilter.doFilter(OncePerRequestFilter.java:116)
	at org.springframework.security.web.FilterChainProxy$VirtualFilterChain.doFilter(FilterChainProxy.java:385)
	at org.springframework.security.web.FilterChainProxy.doFilterInternal(FilterChainProxy.java:237)
	at org.springframework.security.web.FilterChainProxy.doFilter(FilterChainProxy.java:195)
	at org.springframework.web.filter.CompositeFilter$VirtualFilterChain.doFilter(CompositeFilter.java:113)
	at org.springframework.web.filter.ServletRequestPathFilter.doFilter(ServletRequestPathFilter.java:52)
	at org.springframework.web.filter.CompositeFilter$VirtualFilterChain.doFilter(CompositeFilter.java:113)
	at org.springframework.web.filter.CompositeFilter.doFilter(CompositeFilter.java:74)
	at org.springframework.security.config.annotation.web.configuration.WebSecurityConfiguration$CompositeFilterChainProxy.doFilter(WebSecurityConfiguration.java:317)
	at org.springframework.web.filter.DelegatingFilterProxy.invokeDelegate(DelegatingFilterProxy.java:355)
	at org.springframework.web.filter.DelegatingFilterProxy.doFilter(DelegatingFilterProxy.java:272)
	at org.apache.catalina.core.ApplicationFilterChain.doFilter(ApplicationFilterChain.java:111)
	at org.springframework.web.filter.RequestContextFilter.doFilterInternal(RequestContextFilter.java:100)
	at org.springframework.web.filter.OncePerRequestFilter.doFilter(OncePerRequestFilter.java:116)
	at org.apache.catalina.core.ApplicationFilterChain.doFilter(ApplicationFilterChain.java:111)
	at org.springframework.web.filter.FormContentFilter.doFilterInternal(FormContentFilter.java:93)
	at org.springframework.web.filter.OncePerRequestFilter.doFilter(OncePerRequestFilter.java:116)
	at org.apache.catalina.core.ApplicationFilterChain.doFilter(ApplicationFilterChain.java:111)
	at org.springframework.web.filter.CharacterEncodingFilter.doFilterInternal(CharacterEncodingFilter.java:199)
	at org.springframework.web.filter.OncePerRequestFilter.doFilter(OncePerRequestFilter.java:116)
	at org.apache.catalina.core.ApplicationFilterChain.doFilter(ApplicationFilterChain.java:111)
	at org.apache.catalina.core.StandardWrapperValve.invoke(StandardWrapperValve.java:165)
	at org.apache.catalina.core.StandardContextValve.invoke(StandardContextValve.java:77)
	at org.apache.catalina.authenticator.AuthenticatorBase.invoke(AuthenticatorBase.java:535)
	at org.apache.catalina.core.StandardHostValve.invoke(StandardHostValve.java:115)
	at org.apache.catalina.valves.ErrorReportValve.invoke(ErrorReportValve.java:86)
	at org.apache.catalina.core.StandardEngineValve.invoke(StandardEngineValve.java:71)
	at org.apache.catalina.connector.CoyoteAdapter.service(CoyoteAdapter.java:347)
	at org.apache.coyote.http11.Http11Processor.service(Http11Processor.java:406)
	at org.apache.coyote.AbstractProcessorLight.process(AbstractProcessorLight.java:71)
	at org.apache.coyote.AbstractProtocol$ConnectionHandler.process(AbstractProtocol.java:1307)
	at org.apache.tomcat.util.net.NioEndpoint$SocketProcessor.doRun(NioEndpoint.java:2036)
	at org.apache.tomcat.util.net.SocketProcessorBase.run(SocketProcessorBase.java:74)
	at org.apache.tomcat.util.threads.ThreadPoolExecutor.runWorker(ThreadPoolExecutor.java:949)
	at org.apache.tomcat.util.threads.ThreadPoolExecutor$Worker.run(ThreadPoolExecutor.java:483)
	at org.apache.tomcat.util.threads.TaskThread$WrappingRunnable.run(TaskThread.java:74)
	at java.base/java.lang.Thread.run(Thread.java:1583)
2026-09-04 14:09:21.557 WARN  [http-nio-8080-exec-2] o.s.w.s.m.m.a.ExceptionHandlerExceptionResolver - Resolved [org.springframework.web.servlet.resource.NoResourceFoundException: No static resource api/students for request '/api/students/'.]
2026-09-04 14:09:21.557 INFO  [http-nio-8080-exec-2] c.b.a.filter.ApiLoggingFilter - API method=POST uri=/api/students/ status=500 durationMs=42 user=bulton requestBody= responseBody={"success":true,"status":500,"message":"An Unexpected Server Error","data":null,"error":null,"timestamp":"2026-09-04T14:09:21.528132"}
2026-09-04 14:10:03.488 INFO  [http-nio-8080-exec-3] c.b.a.filter.ApiLoggingFilter - API method=POST uri=/api/students status=201 durationMs=274 user=bulton requestBody={    "studentCode" : "9244",    "firstName" : "Deluch",     "lastName" : "Bulton",    "email" : "bulton@gmail.com",     "phone" : "012334454",     "dateOfBirth" : "2000-05-02",     "gender" : "MALE",     "address" : "PP"} responseBody={"success":true,"status":201,"message":"Student create sucessfully","data":{"address":"PP","createdAt":"2026-09-04T14:10:03.469368","dateOfBirth":"2000-05-02","email":"bulton@gmail.com","firstName":"Deluch","gender":"MALE","id":2,"lastName":"Bulton","phone":"012334454","updatedAt":"2026-09-04T14:10:03.469368"},"error":null,"timestamp":"2026-09-04T14:10:03.485844"}
2026-09-04 14:10:09.633 INFO  [http-nio-8080-exec-5] c.b.a.filter.ApiLoggingFilter - API method=GET uri=/api/students status=200 durationMs=22 user=bulton requestBody= responseBody={"success":true,"status":200,"message":"Students recived Successfully","data":[{"address":"PP","createdAt":"2026-09-04T14:10:03.469368","dateOfBirth":"2000-05-02","email":"bulton@gmail.com","firstName":"Deluch","gender":"MALE","id":2,"lastName":"Bulton","phone":"012334454","updatedAt":"2026-09-04T14:10:03.469368"}],"error":null,"timestamp":"2026-09-04T14:10:09.628496"}
2026-09-04 14:11:13.486 WARN  [http-nio-8080-exec-8] c.b.a.exception.GlobalExceptionHandler - Resource Not Found: Student Not Found with ID : 9999
2026-09-04 14:11:13.487 WARN  [http-nio-8080-exec-8] o.s.w.s.m.m.a.ExceptionHandlerExceptionResolver - Resolved [com.bulton.api_student_management.exception.ResourceNotFoundException: Student Not Found with ID : 9999]
2026-09-04 14:11:13.487 INFO  [http-nio-8080-exec-8] c.b.a.filter.ApiLoggingFilter - API method=GET uri=/api/students/9999 status=404 durationMs=10 user=bulton requestBody= responseBody={"success":true,"status":404,"message":"Student Not Found with ID : 9999","data":null,"error":null,"timestamp":"2026-09-04T14:11:13.486677"}
2026-09-04 14:14:39.788 INFO  [File Watcher] o.s.b.d.a.LocalDevToolsAutoConfiguration$RestartingClassPathChangeChangedEventListener - Restarting due to 1 class path change (0 additions, 0 deletions, 1 modification)
2026-09-04 14:14:39.794 INFO  [Thread-1] o.s.boot.tomcat.GracefulShutdown - Commencing graceful shutdown. Waiting for active requests to complete
2026-09-04 14:14:39.795 INFO  [tomcat-shutdown] o.apache.coyote.http11.Http11NioProtocol - Pausing ProtocolHandler ["http-nio-8080"]
2026-09-04 14:14:39.804 INFO  [tomcat-shutdown] o.s.boot.tomcat.GracefulShutdown - Graceful shutdown complete
2026-09-04 14:14:39.805 INFO  [Thread-1] o.apache.coyote.http11.Http11NioProtocol - Stopping ProtocolHandler ["http-nio-8080"]
2026-09-04 14:14:39.810 INFO  [Thread-1] o.s.o.j.LocalContainerEntityManagerFactoryBean - Closing JPA EntityManagerFactory for persistence unit 'default'
2026-09-04 14:14:39.813 INFO  [Thread-1] com.zaxxer.hikari.HikariDataSource - HikariPool-1 - Shutdown initiated...
2026-09-04 14:14:39.815 INFO  [Thread-1] com.zaxxer.hikari.HikariDataSource - HikariPool-1 - Shutdown completed.
2026-09-04 14:14:39.882 INFO  [restartedMain] c.b.a.ApiStudentManagementApplication - Starting ApiStudentManagementApplication using Java 21.0.10 with PID 45653 (/Users/macbook/Downloads/api_student_management/target/classes started by macbook in /Users/macbook/Downloads/api_student_management)
2026-09-04 14:14:39.882 INFO  [restartedMain] c.b.a.ApiStudentManagementApplication - No active profile set, falling back to 1 default profile: "default"
2026-09-04 14:14:39.951 INFO  [restartedMain] o.s.d.r.c.RepositoryConfigurationDelegate - Bootstrapping Spring Data JPA repositories in DEFAULT mode.
2026-09-04 14:14:39.956 INFO  [restartedMain] o.s.d.r.c.RepositoryConfigurationDelegate - Finished Spring Data repository scanning in 3 ms. Found 2 JPA repository interfaces.
2026-09-04 14:14:40.005 INFO  [restartedMain] o.s.boot.tomcat.TomcatWebServer - Tomcat initialized with port 8080 (http)
2026-09-04 14:14:40.006 INFO  [restartedMain] o.apache.coyote.http11.Http11NioProtocol - Initializing ProtocolHandler ["http-nio-8080"]
2026-09-04 14:14:40.006 INFO  [restartedMain] o.apache.catalina.core.StandardService - Starting service [Tomcat]
2026-09-04 14:14:40.007 INFO  [restartedMain] org.apache.catalina.core.StandardEngine - Starting Servlet engine: [Apache Tomcat/11.0.24]
2026-09-04 14:14:40.012 INFO  [restartedMain] o.s.b.w.c.s.WebApplicationContextInitializer - Root WebApplicationContext: initialization completed in 129 ms
2026-09-04 14:14:40.035 INFO  [restartedMain] org.hibernate.orm.jpa - HHH008540: Processing PersistenceUnitInfo [name: default]
2026-09-04 14:14:40.045 INFO  [restartedMain] o.s.o.j.p.SpringPersistenceUnitInfo - No LoadTimeWeaver setup: ignoring JPA class transformer
2026-09-04 14:14:40.045 INFO  [restartedMain] com.zaxxer.hikari.HikariDataSource - HikariPool-2 - Starting...
2026-09-04 14:14:40.055 INFO  [restartedMain] com.zaxxer.hikari.pool.HikariPool - HikariPool-2 - Added connection org.postgresql.jdbc.PgConnection@64f7f0c6
2026-09-04 14:14:40.056 INFO  [restartedMain] com.zaxxer.hikari.HikariDataSource - HikariPool-2 - Start completed.
2026-09-04 14:14:40.064 INFO  [restartedMain] org.hibernate.orm.connections.pooling - HHH10001005: Database info:
	Database JDBC URL [jdbc:postgresql://localhost:5432/student_management]
	Database driver: PostgreSQL JDBC Driver
	Database dialect: PostgreSQLDialect
	Database version: 18.6
	Default catalog/schema: student_management/public
	Autocommit mode: undefined/unknown
	Isolation level: READ_COMMITTED [default READ_COMMITTED]
	JDBC fetch size: none
	Pool: DataSourceConnectionProvider
	Minimum pool size: undefined/unknown
	Maximum pool size: undefined/unknown
2026-09-04 14:14:40.105 INFO  [restartedMain] org.hibernate.orm.core - HHH000489: No JTA platform available (set 'hibernate.transaction.jta.platform' to enable JTA platform integration)
2026-09-04 14:14:40.139 WARN  [restartedMain] org.hibernate.orm.jdbc.warn - HHH000247: ErrorCode: 0, SQLState: 00000
2026-09-04 14:14:40.140 WARN  [restartedMain] org.hibernate.orm.jdbc.warn - constraint "uk_students_student_name" of relation "students" does not exist, skipping
2026-09-04 14:14:40.140 INFO  [restartedMain] o.s.o.j.LocalContainerEntityManagerFactoryBean - Initialized JPA EntityManagerFactory for persistence unit 'default'
2026-09-04 14:14:40.174 INFO  [restartedMain] o.s.s.c.a.a.c.InitializeUserDetailsBeanManagerConfigurer$InitializeUserDetailsManagerConfigurer - Global AuthenticationManager configured with UserDetailsService bean with name userDetailsService
2026-09-04 14:14:40.279 INFO  [restartedMain] o.apache.coyote.http11.Http11NioProtocol - Starting ProtocolHandler ["http-nio-8080"]
2026-09-04 14:14:40.280 INFO  [restartedMain] o.s.boot.tomcat.TomcatWebServer - Tomcat started on port 8080 (http) with context path '/'
2026-09-04 14:14:40.281 INFO  [restartedMain] c.b.a.ApiStudentManagementApplication - Started ApiStudentManagementApplication in 0.418 seconds (process running for 325.111)
2026-09-04 14:14:40.282 INFO  [restartedMain] o.s.b.d.a.ConditionEvaluationDeltaLoggingListener - Condition evaluation unchanged
2026-09-04 14:14:58.871 INFO  [File Watcher] o.s.b.d.a.LocalDevToolsAutoConfiguration$RestartingClassPathChangeChangedEventListener - Restarting due to 35 class path changes (1 addition, 0 deletions, 34 modifications)
2026-09-04 14:14:58.873 INFO  [Thread-5] o.s.boot.tomcat.GracefulShutdown - Commencing graceful shutdown. Waiting for active requests to complete
2026-09-04 14:14:58.874 INFO  [tomcat-shutdown] o.apache.coyote.http11.Http11NioProtocol - Pausing ProtocolHandler ["http-nio-8080"]
2026-09-04 14:14:58.877 INFO  [tomcat-shutdown] o.s.boot.tomcat.GracefulShutdown - Graceful shutdown complete
2026-09-04 14:14:58.878 INFO  [Thread-5] o.apache.coyote.http11.Http11NioProtocol - Stopping ProtocolHandler ["http-nio-8080"]
2026-09-04 14:14:58.882 INFO  [Thread-5] o.s.o.j.LocalContainerEntityManagerFactoryBean - Closing JPA EntityManagerFactory for persistence unit 'default'
2026-09-04 14:14:58.883 INFO  [Thread-5] com.zaxxer.hikari.HikariDataSource - HikariPool-2 - Shutdown initiated...
2026-09-04 14:14:58.884 INFO  [Thread-5] com.zaxxer.hikari.HikariDataSource - HikariPool-2 - Shutdown completed.
2026-09-04 14:14:58.943 INFO  [restartedMain] c.b.a.ApiStudentManagementApplication - Starting ApiStudentManagementApplication using Java 21.0.10 with PID 45653 (/Users/macbook/Downloads/api_student_management/target/classes started by macbook in /Users/macbook/Downloads/api_student_management)
2026-09-04 14:14:58.943 INFO  [restartedMain] c.b.a.ApiStudentManagementApplication - No active profile set, falling back to 1 default profile: "default"
2026-09-04 14:14:59.005 INFO  [restartedMain] o.s.d.r.c.RepositoryConfigurationDelegate - Bootstrapping Spring Data JPA repositories in DEFAULT mode.
2026-09-04 14:14:59.009 INFO  [restartedMain] o.s.d.r.c.RepositoryConfigurationDelegate - Finished Spring Data repository scanning in 3 ms. Found 2 JPA repository interfaces.
2026-09-04 14:14:59.051 INFO  [restartedMain] o.s.boot.tomcat.TomcatWebServer - Tomcat initialized with port 8080 (http)
2026-09-04 14:14:59.051 INFO  [restartedMain] o.apache.coyote.http11.Http11NioProtocol - Initializing ProtocolHandler ["http-nio-8080"]
2026-09-04 14:14:59.051 INFO  [restartedMain] o.apache.catalina.core.StandardService - Starting service [Tomcat]
2026-09-04 14:14:59.051 INFO  [restartedMain] org.apache.catalina.core.StandardEngine - Starting Servlet engine: [Apache Tomcat/11.0.24]
2026-09-04 14:14:59.057 INFO  [restartedMain] o.s.b.w.c.s.WebApplicationContextInitializer - Root WebApplicationContext: initialization completed in 113 ms
2026-09-04 14:14:59.075 INFO  [restartedMain] org.hibernate.orm.jpa - HHH008540: Processing PersistenceUnitInfo [name: default]
2026-09-04 14:14:59.084 INFO  [restartedMain] o.s.o.j.p.SpringPersistenceUnitInfo - No LoadTimeWeaver setup: ignoring JPA class transformer
2026-09-04 14:14:59.084 INFO  [restartedMain] com.zaxxer.hikari.HikariDataSource - HikariPool-3 - Starting...
2026-09-04 14:14:59.091 INFO  [restartedMain] com.zaxxer.hikari.pool.HikariPool - HikariPool-3 - Added connection org.postgresql.jdbc.PgConnection@e4856ac
2026-09-04 14:14:59.092 INFO  [restartedMain] com.zaxxer.hikari.HikariDataSource - HikariPool-3 - Start completed.
2026-09-04 14:14:59.098 INFO  [restartedMain] org.hibernate.orm.connections.pooling - HHH10001005: Database info:
	Database JDBC URL [jdbc:postgresql://localhost:5432/student_management]
	Database driver: PostgreSQL JDBC Driver
	Database dialect: PostgreSQLDialect
	Database version: 18.6
	Default catalog/schema: student_management/public
	Autocommit mode: undefined/unknown
	Isolation level: READ_COMMITTED [default READ_COMMITTED]
	JDBC fetch size: none
	Pool: DataSourceConnectionProvider
	Minimum pool size: undefined/unknown
	Maximum pool size: undefined/unknown
2026-09-04 14:14:59.136 INFO  [restartedMain] org.hibernate.orm.core - HHH000489: No JTA platform available (set 'hibernate.transaction.jta.platform' to enable JTA platform integration)
2026-09-04 14:14:59.162 WARN  [restartedMain] org.hibernate.orm.jdbc.warn - HHH000247: ErrorCode: 0, SQLState: 00000
2026-09-04 14:14:59.162 WARN  [restartedMain] org.hibernate.orm.jdbc.warn - constraint "uk_students_student_name" of relation "students" does not exist, skipping
2026-09-04 14:14:59.163 INFO  [restartedMain] o.s.o.j.LocalContainerEntityManagerFactoryBean - Initialized JPA EntityManagerFactory for persistence unit 'default'
2026-09-04 14:14:59.172 WARN  [restartedMain] o.s.b.w.s.s.c.AnnotationConfigServletWebServerApplicationContext - Exception encountered during context initialization - cancelling refresh attempt: org.springframework.beans.factory.BeanCreationException: Error creating bean with name 'webClientConfig' defined in file [/Users/macbook/Downloads/api_student_management/target/classes/com/bulton/api_student_management/config/WebClientConfig.class]: Failed to instantiate [com.bulton.api_student_management.config.WebClientConfig$$SpringCGLIB$$0]: Constructor threw exception
2026-09-04 14:14:59.172 INFO  [restartedMain] o.s.o.j.LocalContainerEntityManagerFactoryBean - Closing JPA EntityManagerFactory for persistence unit 'default'
2026-09-04 14:14:59.172 INFO  [restartedMain] com.zaxxer.hikari.HikariDataSource - HikariPool-3 - Shutdown initiated...
2026-09-04 14:14:59.173 INFO  [restartedMain] com.zaxxer.hikari.HikariDataSource - HikariPool-3 - Shutdown completed.
2026-09-04 14:14:59.173 INFO  [restartedMain] o.apache.catalina.core.StandardService - Stopping service [Tomcat]
2026-09-04 14:14:59.176 INFO  [restartedMain] o.s.b.a.l.ConditionEvaluationReportLogger - 

Error starting ApplicationContext. To display the condition evaluation report re-run your application with 'debug' enabled.
2026-09-04 14:14:59.183 ERROR [restartedMain] o.springframework.boot.SpringApplication - Application run failed
org.springframework.beans.factory.BeanCreationException: Error creating bean with name 'webClientConfig' defined in file [/Users/macbook/Downloads/api_student_management/target/classes/com/bulton/api_student_management/config/WebClientConfig.class]: Failed to instantiate [com.bulton.api_student_management.config.WebClientConfig$$SpringCGLIB$$0]: Constructor threw exception
	at org.springframework.beans.factory.support.AbstractAutowireCapableBeanFactory.instantiateBean(AbstractAutowireCapableBeanFactory.java:1342)
	at org.springframework.beans.factory.support.AbstractAutowireCapableBeanFactory.createBeanInstance(AbstractAutowireCapableBeanFactory.java:1229)
	at org.springframework.beans.factory.support.AbstractAutowireCapableBeanFactory.doCreateBean(AbstractAutowireCapableBeanFactory.java:565)
	at org.springframework.beans.factory.support.AbstractAutowireCapableBeanFactory.createBean(AbstractAutowireCapableBeanFactory.java:525)
	at org.springframework.beans.factory.support.AbstractBeanFactory.lambda$doGetBean$0(AbstractBeanFactory.java:333)
	at org.springframework.beans.factory.support.DefaultSingletonBeanRegistry.getSingleton(DefaultSingletonBeanRegistry.java:371)
	at org.springframework.beans.factory.support.AbstractBeanFactory.doGetBean(AbstractBeanFactory.java:331)
	at org.springframework.beans.factory.support.AbstractBeanFactory.getBean(AbstractBeanFactory.java:196)
	at org.springframework.beans.factory.support.DefaultListableBeanFactory.instantiateSingleton(DefaultListableBeanFactory.java:1225)
	at org.springframework.beans.factory.support.DefaultListableBeanFactory.preInstantiateSingleton(DefaultListableBeanFactory.java:1191)
	at org.springframework.beans.factory.support.DefaultListableBeanFactory.preInstantiateSingletons(DefaultListableBeanFactory.java:1121)
	at org.springframework.context.support.AbstractApplicationContext.finishBeanFactoryInitialization(AbstractApplicationContext.java:994)
	at org.springframework.context.support.AbstractApplicationContext.refresh(AbstractApplicationContext.java:621)
	at org.springframework.boot.web.server.servlet.context.ServletWebServerApplicationContext.refresh(ServletWebServerApplicationContext.java:143)
	at org.springframework.boot.SpringApplication.refresh(SpringApplication.java:756)
	at org.springframework.boot.SpringApplication.refreshContext(SpringApplication.java:445)
	at org.springframework.boot.SpringApplication.run(SpringApplication.java:321)
	at org.springframework.boot.SpringApplication.run(SpringApplication.java:1365)
	at org.springframework.boot.SpringApplication.run(SpringApplication.java:1354)
	at com.bulton.api_student_management.ApiStudentManagementApplication.main(ApiStudentManagementApplication.java:10)
	at java.base/jdk.internal.reflect.DirectMethodHandleAccessor.invoke(DirectMethodHandleAccessor.java:103)
	at java.base/java.lang.reflect.Method.invoke(Method.java:580)
	at org.springframework.boot.devtools.restart.RestartLauncher.run(RestartLauncher.java:52)
Caused by: org.springframework.beans.BeanInstantiationException: Failed to instantiate [com.bulton.api_student_management.config.WebClientConfig$$SpringCGLIB$$0]: Constructor threw exception
	at org.springframework.beans.BeanUtils.instantiateClass(BeanUtils.java:220)
	at org.springframework.beans.factory.support.SimpleInstantiationStrategy.instantiate(SimpleInstantiationStrategy.java:106)
	at org.springframework.beans.factory.support.AbstractAutowireCapableBeanFactory.instantiateBean(AbstractAutowireCapableBeanFactory.java:1336)
	... 22 common frames omitted
Caused by: java.lang.Error: Unresolved compilation problems: 
	Syntax error on token(s), misplaced construct(s)
	Syntax error, modifiers are not allowed here
	Syntax error on token "}", RecordHeaderPart expected after this token

	at com.bulton.api_student_management.config.WebClientConfig.<init>(WebClientConfig.java:1)
	at com.bulton.api_student_management.config.WebClientConfig$$SpringCGLIB$$0.<init>(<generated>)
	at java.base/jdk.internal.reflect.DirectConstructorHandleAccessor.newInstance(DirectConstructorHandleAccessor.java:62)
	at java.base/java.lang.reflect.Constructor.newInstanceWithCaller(Constructor.java:502)
	at java.base/java.lang.reflect.Constructor.newInstance(Constructor.java:486)
	at org.springframework.beans.BeanUtils.instantiateClass(BeanUtils.java:194)
	... 24 common frames omitted
2026-09-04 14:15:04.667 INFO  [restartedMain] c.b.a.ApiStudentManagementApplication - Starting ApiStudentManagementApplication using Java 21.0.10 with PID 45653 (/Users/macbook/Downloads/api_student_management/target/classes started by macbook in /Users/macbook/Downloads/api_student_management)
2026-09-04 14:15:04.667 INFO  [restartedMain] c.b.a.ApiStudentManagementApplication - No active profile set, falling back to 1 default profile: "default"
2026-09-04 14:15:04.736 INFO  [restartedMain] o.s.d.r.c.RepositoryConfigurationDelegate - Bootstrapping Spring Data JPA repositories in DEFAULT mode.
2026-09-04 14:15:04.740 INFO  [restartedMain] o.s.d.r.c.RepositoryConfigurationDelegate - Finished Spring Data repository scanning in 3 ms. Found 2 JPA repository interfaces.
2026-09-04 14:15:04.781 INFO  [restartedMain] o.s.boot.tomcat.TomcatWebServer - Tomcat initialized with port 8080 (http)
2026-09-04 14:15:04.782 INFO  [restartedMain] o.apache.coyote.http11.Http11NioProtocol - Initializing ProtocolHandler ["http-nio-8080"]
2026-09-04 14:15:04.782 INFO  [restartedMain] o.apache.catalina.core.StandardService - Starting service [Tomcat]
2026-09-04 14:15:04.782 INFO  [restartedMain] org.apache.catalina.core.StandardEngine - Starting Servlet engine: [Apache Tomcat/11.0.24]
2026-09-04 14:15:04.787 INFO  [restartedMain] o.s.b.w.c.s.WebApplicationContextInitializer - Root WebApplicationContext: initialization completed in 119 ms
2026-09-04 14:15:04.805 INFO  [restartedMain] org.hibernate.orm.jpa - HHH008540: Processing PersistenceUnitInfo [name: default]
2026-09-04 14:15:04.813 INFO  [restartedMain] o.s.o.j.p.SpringPersistenceUnitInfo - No LoadTimeWeaver setup: ignoring JPA class transformer
2026-09-04 14:15:04.814 INFO  [restartedMain] com.zaxxer.hikari.HikariDataSource - HikariPool-4 - Starting...
2026-09-04 14:15:04.821 INFO  [restartedMain] com.zaxxer.hikari.pool.HikariPool - HikariPool-4 - Added connection org.postgresql.jdbc.PgConnection@5861290f
2026-09-04 14:15:04.821 INFO  [restartedMain] com.zaxxer.hikari.HikariDataSource - HikariPool-4 - Start completed.
2026-09-04 14:15:04.830 INFO  [restartedMain] org.hibernate.orm.connections.pooling - HHH10001005: Database info:
	Database JDBC URL [jdbc:postgresql://localhost:5432/student_management]
	Database driver: PostgreSQL JDBC Driver
	Database dialect: PostgreSQLDialect
	Database version: 18.6
	Default catalog/schema: student_management/public
	Autocommit mode: undefined/unknown
	Isolation level: READ_COMMITTED [default READ_COMMITTED]
	JDBC fetch size: none
	Pool: DataSourceConnectionProvider
	Minimum pool size: undefined/unknown
	Maximum pool size: undefined/unknown
2026-09-04 14:15:04.859 INFO  [restartedMain] org.hibernate.orm.core - HHH000489: No JTA platform available (set 'hibernate.transaction.jta.platform' to enable JTA platform integration)
2026-09-04 14:15:04.886 WARN  [restartedMain] org.hibernate.orm.jdbc.warn - HHH000247: ErrorCode: 0, SQLState: 00000
2026-09-04 14:15:04.886 WARN  [restartedMain] org.hibernate.orm.jdbc.warn - constraint "uk_students_student_name" of relation "students" does not exist, skipping
2026-09-04 14:15:04.886 INFO  [restartedMain] o.s.o.j.LocalContainerEntityManagerFactoryBean - Initialized JPA EntityManagerFactory for persistence unit 'default'
2026-09-04 14:15:04.894 WARN  [restartedMain] o.s.b.w.s.s.c.AnnotationConfigServletWebServerApplicationContext - Exception encountered during context initialization - cancelling refresh attempt: org.springframework.beans.factory.BeanCreationException: Error creating bean with name 'webClientConfig' defined in file [/Users/macbook/Downloads/api_student_management/target/classes/com/bulton/api_student_management/config/WebClientConfig.class]: Failed to instantiate [com.bulton.api_student_management.config.WebClientConfig$$SpringCGLIB$$0]: Constructor threw exception
2026-09-04 14:15:04.894 INFO  [restartedMain] o.s.o.j.LocalContainerEntityManagerFactoryBean - Closing JPA EntityManagerFactory for persistence unit 'default'
2026-09-04 14:15:04.894 INFO  [restartedMain] com.zaxxer.hikari.HikariDataSource - HikariPool-4 - Shutdown initiated...
2026-09-04 14:15:04.894 INFO  [restartedMain] com.zaxxer.hikari.HikariDataSource - HikariPool-4 - Shutdown completed.
2026-09-04 14:15:04.895 INFO  [restartedMain] o.apache.catalina.core.StandardService - Stopping service [Tomcat]
2026-09-04 14:15:04.897 INFO  [restartedMain] o.s.b.a.l.ConditionEvaluationReportLogger - 

Error starting ApplicationContext. To display the condition evaluation report re-run your application with 'debug' enabled.
2026-09-04 14:15:04.898 ERROR [restartedMain] o.springframework.boot.SpringApplication - Application run failed
org.springframework.beans.factory.BeanCreationException: Error creating bean with name 'webClientConfig' defined in file [/Users/macbook/Downloads/api_student_management/target/classes/com/bulton/api_student_management/config/WebClientConfig.class]: Failed to instantiate [com.bulton.api_student_management.config.WebClientConfig$$SpringCGLIB$$0]: Constructor threw exception
	at org.springframework.beans.factory.support.AbstractAutowireCapableBeanFactory.instantiateBean(AbstractAutowireCapableBeanFactory.java:1342)
	at org.springframework.beans.factory.support.AbstractAutowireCapableBeanFactory.createBeanInstance(AbstractAutowireCapableBeanFactory.java:1229)
	at org.springframework.beans.factory.support.AbstractAutowireCapableBeanFactory.doCreateBean(AbstractAutowireCapableBeanFactory.java:565)
	at org.springframework.beans.factory.support.AbstractAutowireCapableBeanFactory.createBean(AbstractAutowireCapableBeanFactory.java:525)
	at org.springframework.beans.factory.support.AbstractBeanFactory.lambda$doGetBean$0(AbstractBeanFactory.java:333)
	at org.springframework.beans.factory.support.DefaultSingletonBeanRegistry.getSingleton(DefaultSingletonBeanRegistry.java:371)
	at org.springframework.beans.factory.support.AbstractBeanFactory.doGetBean(AbstractBeanFactory.java:331)
	at org.springframework.beans.factory.support.AbstractBeanFactory.getBean(AbstractBeanFactory.java:196)
	at org.springframework.beans.factory.support.DefaultListableBeanFactory.instantiateSingleton(DefaultListableBeanFactory.java:1225)
	at org.springframework.beans.factory.support.DefaultListableBeanFactory.preInstantiateSingleton(DefaultListableBeanFactory.java:1191)
	at org.springframework.beans.factory.support.DefaultListableBeanFactory.preInstantiateSingletons(DefaultListableBeanFactory.java:1121)
	at org.springframework.context.support.AbstractApplicationContext.finishBeanFactoryInitialization(AbstractApplicationContext.java:994)
	at org.springframework.context.support.AbstractApplicationContext.refresh(AbstractApplicationContext.java:621)
	at org.springframework.boot.web.server.servlet.context.ServletWebServerApplicationContext.refresh(ServletWebServerApplicationContext.java:143)
	at org.springframework.boot.SpringApplication.refresh(SpringApplication.java:756)
	at org.springframework.boot.SpringApplication.refreshContext(SpringApplication.java:445)
	at org.springframework.boot.SpringApplication.run(SpringApplication.java:321)
	at org.springframework.boot.SpringApplication.run(SpringApplication.java:1365)
	at org.springframework.boot.SpringApplication.run(SpringApplication.java:1354)
	at com.bulton.api_student_management.ApiStudentManagementApplication.main(ApiStudentManagementApplication.java:10)
	at java.base/jdk.internal.reflect.DirectMethodHandleAccessor.invoke(DirectMethodHandleAccessor.java:103)
	at java.base/java.lang.reflect.Method.invoke(Method.java:580)
	at org.springframework.boot.devtools.restart.RestartLauncher.run(RestartLauncher.java:52)
Caused by: org.springframework.beans.BeanInstantiationException: Failed to instantiate [com.bulton.api_student_management.config.WebClientConfig$$SpringCGLIB$$0]: Constructor threw exception
	at org.springframework.beans.BeanUtils.instantiateClass(BeanUtils.java:220)
	at org.springframework.beans.factory.support.SimpleInstantiationStrategy.instantiate(SimpleInstantiationStrategy.java:106)
	at org.springframework.beans.factory.support.AbstractAutowireCapableBeanFactory.instantiateBean(AbstractAutowireCapableBeanFactory.java:1336)
	... 22 common frames omitted
Caused by: java.lang.Error: Unresolved compilation problems: 
	Syntax error, modifiers are not allowed here
	Syntax error, modifiers are not allowed here
	Syntax error on token "}", RecordHeaderPart expected after this token

	at com.bulton.api_student_management.config.WebClientConfig.<init>(WebClientConfig.java:3)
	at com.bulton.api_student_management.config.WebClientConfig$$SpringCGLIB$$0.<init>(<generated>)
	at java.base/jdk.internal.reflect.DirectConstructorHandleAccessor.newInstance(DirectConstructorHandleAccessor.java:62)
	at java.base/java.lang.reflect.Constructor.newInstanceWithCaller(Constructor.java:502)
	at java.base/java.lang.reflect.Constructor.newInstance(Constructor.java:486)
	at org.springframework.beans.BeanUtils.instantiateClass(BeanUtils.java:194)
	... 24 common frames omitted
2026-09-04 14:15:08.364 INFO  [restartedMain] c.b.a.ApiStudentManagementApplication - Starting ApiStudentManagementApplication using Java 21.0.10 with PID 45653 (/Users/macbook/Downloads/api_student_management/target/classes started by macbook in /Users/macbook/Downloads/api_student_management)
2026-09-04 14:15:08.364 INFO  [restartedMain] c.b.a.ApiStudentManagementApplication - No active profile set, falling back to 1 default profile: "default"
2026-09-04 14:15:08.433 INFO  [restartedMain] o.s.d.r.c.RepositoryConfigurationDelegate - Bootstrapping Spring Data JPA repositories in DEFAULT mode.
2026-09-04 14:15:08.438 INFO  [restartedMain] o.s.d.r.c.RepositoryConfigurationDelegate - Finished Spring Data repository scanning in 3 ms. Found 2 JPA repository interfaces.
2026-09-04 14:15:08.479 INFO  [restartedMain] o.s.boot.tomcat.TomcatWebServer - Tomcat initialized with port 8080 (http)
2026-09-04 14:15:08.479 INFO  [restartedMain] o.apache.coyote.http11.Http11NioProtocol - Initializing ProtocolHandler ["http-nio-8080"]
2026-09-04 14:15:08.479 INFO  [restartedMain] o.apache.catalina.core.StandardService - Starting service [Tomcat]
2026-09-04 14:15:08.479 INFO  [restartedMain] org.apache.catalina.core.StandardEngine - Starting Servlet engine: [Apache Tomcat/11.0.24]
2026-09-04 14:15:08.485 INFO  [restartedMain] o.s.b.w.c.s.WebApplicationContextInitializer - Root WebApplicationContext: initialization completed in 120 ms
2026-09-04 14:15:08.502 INFO  [restartedMain] org.hibernate.orm.jpa - HHH008540: Processing PersistenceUnitInfo [name: default]
2026-09-04 14:15:08.510 INFO  [restartedMain] o.s.o.j.p.SpringPersistenceUnitInfo - No LoadTimeWeaver setup: ignoring JPA class transformer
2026-09-04 14:15:08.511 INFO  [restartedMain] com.zaxxer.hikari.HikariDataSource - HikariPool-5 - Starting...
2026-09-04 14:15:08.516 INFO  [restartedMain] com.zaxxer.hikari.pool.HikariPool - HikariPool-5 - Added connection org.postgresql.jdbc.PgConnection@46050d69
2026-09-04 14:15:08.517 INFO  [restartedMain] com.zaxxer.hikari.HikariDataSource - HikariPool-5 - Start completed.
2026-09-04 14:15:08.522 INFO  [restartedMain] org.hibernate.orm.connections.pooling - HHH10001005: Database info:
	Database JDBC URL [jdbc:postgresql://localhost:5432/student_management]
	Database driver: PostgreSQL JDBC Driver
	Database dialect: PostgreSQLDialect
	Database version: 18.6
	Default catalog/schema: student_management/public
	Autocommit mode: undefined/unknown
	Isolation level: READ_COMMITTED [default READ_COMMITTED]
	JDBC fetch size: none
	Pool: DataSourceConnectionProvider
	Minimum pool size: undefined/unknown
	Maximum pool size: undefined/unknown
2026-09-04 14:15:08.550 INFO  [restartedMain] org.hibernate.orm.core - HHH000489: No JTA platform available (set 'hibernate.transaction.jta.platform' to enable JTA platform integration)
2026-09-04 14:15:08.579 WARN  [restartedMain] org.hibernate.orm.jdbc.warn - HHH000247: ErrorCode: 0, SQLState: 00000
2026-09-04 14:15:08.579 WARN  [restartedMain] org.hibernate.orm.jdbc.warn - constraint "uk_students_student_name" of relation "students" does not exist, skipping
2026-09-04 14:15:08.579 INFO  [restartedMain] o.s.o.j.LocalContainerEntityManagerFactoryBean - Initialized JPA EntityManagerFactory for persistence unit 'default'
2026-09-04 14:15:08.608 INFO  [restartedMain] o.s.s.c.a.a.c.InitializeUserDetailsBeanManagerConfigurer$InitializeUserDetailsManagerConfigurer - Global AuthenticationManager configured with UserDetailsService bean with name userDetailsService
2026-09-04 14:15:08.672 WARN  [restartedMain] o.s.b.w.s.s.c.AnnotationConfigServletWebServerApplicationContext - Exception encountered during context initialization - cancelling refresh attempt: org.springframework.beans.factory.UnsatisfiedDependencyException: Error creating bean with name 'jsonPlaceholderWebClient' defined in class path resource [com/bulton/api_student_management/config/WebClientConfig.class]: Unsatisfied dependency expressed through method 'jsonPlaceholderWebClient' parameter 0: No qualifying bean of type 'org.springframework.web.reactive.function.client.WebClient$Builder' available: expected at least 1 bean which qualifies as autowire candidate. Dependency annotations: {}
2026-09-04 14:15:08.673 INFO  [restartedMain] o.s.o.j.LocalContainerEntityManagerFactoryBean - Closing JPA EntityManagerFactory for persistence unit 'default'
2026-09-04 14:15:08.673 INFO  [restartedMain] com.zaxxer.hikari.HikariDataSource - HikariPool-5 - Shutdown initiated...
2026-09-04 14:15:08.701 INFO  [restartedMain] com.zaxxer.hikari.HikariDataSource - HikariPool-5 - Shutdown completed.
2026-09-04 14:15:08.702 INFO  [restartedMain] o.apache.catalina.core.StandardService - Stopping service [Tomcat]
2026-09-04 14:15:08.705 INFO  [restartedMain] o.s.b.a.l.ConditionEvaluationReportLogger - 

Error starting ApplicationContext. To display the condition evaluation report re-run your application with 'debug' enabled.
2026-09-04 14:15:08.707 ERROR [restartedMain] o.s.b.d.LoggingFailureAnalysisReporter - 

***************************
APPLICATION FAILED TO START
***************************

Description:

Parameter 0 of method jsonPlaceholderWebClient in com.bulton.api_student_management.config.WebClientConfig required a bean of type 'org.springframework.web.reactive.function.client.WebClient$Builder' that could not be found.


Action:

Consider defining a bean of type 'org.springframework.web.reactive.function.client.WebClient$Builder' in your configuration.

2026-09-04 14:15:43.527 INFO  [restartedMain] c.b.a.ApiStudentManagementApplication - Starting ApiStudentManagementApplication using Java 21.0.10 with PID 45653 (/Users/macbook/Downloads/api_student_management/target/classes started by macbook in /Users/macbook/Downloads/api_student_management)
2026-09-04 14:15:43.527 INFO  [restartedMain] c.b.a.ApiStudentManagementApplication - No active profile set, falling back to 1 default profile: "default"
2026-09-04 14:15:43.595 INFO  [restartedMain] o.s.d.r.c.RepositoryConfigurationDelegate - Bootstrapping Spring Data JPA repositories in DEFAULT mode.
2026-09-04 14:15:43.598 INFO  [restartedMain] o.s.d.r.c.RepositoryConfigurationDelegate - Finished Spring Data repository scanning in 3 ms. Found 2 JPA repository interfaces.
2026-09-04 14:15:43.642 INFO  [restartedMain] o.s.boot.tomcat.TomcatWebServer - Tomcat initialized with port 8080 (http)
2026-09-04 14:15:43.642 INFO  [restartedMain] o.apache.coyote.http11.Http11NioProtocol - Initializing ProtocolHandler ["http-nio-8080"]
2026-09-04 14:15:43.642 INFO  [restartedMain] o.apache.catalina.core.StandardService - Starting service [Tomcat]
2026-09-04 14:15:43.642 INFO  [restartedMain] org.apache.catalina.core.StandardEngine - Starting Servlet engine: [Apache Tomcat/11.0.24]
2026-09-04 14:15:43.647 INFO  [restartedMain] o.s.b.w.c.s.WebApplicationContextInitializer - Root WebApplicationContext: initialization completed in 119 ms
2026-09-04 14:15:43.666 INFO  [restartedMain] org.hibernate.orm.jpa - HHH008540: Processing PersistenceUnitInfo [name: default]
2026-09-04 14:15:43.675 INFO  [restartedMain] o.s.o.j.p.SpringPersistenceUnitInfo - No LoadTimeWeaver setup: ignoring JPA class transformer
2026-09-04 14:15:43.675 INFO  [restartedMain] com.zaxxer.hikari.HikariDataSource - HikariPool-6 - Starting...
2026-09-04 14:15:43.684 INFO  [restartedMain] com.zaxxer.hikari.pool.HikariPool - HikariPool-6 - Added connection org.postgresql.jdbc.PgConnection@2cafa009
2026-09-04 14:15:43.684 INFO  [restartedMain] com.zaxxer.hikari.HikariDataSource - HikariPool-6 - Start completed.
2026-09-04 14:15:43.692 INFO  [restartedMain] org.hibernate.orm.connections.pooling - HHH10001005: Database info:
	Database JDBC URL [jdbc:postgresql://localhost:5432/student_management]
	Database driver: PostgreSQL JDBC Driver
	Database dialect: PostgreSQLDialect
	Database version: 18.6
	Default catalog/schema: student_management/public
	Autocommit mode: undefined/unknown
	Isolation level: READ_COMMITTED [default READ_COMMITTED]
	JDBC fetch size: none
	Pool: DataSourceConnectionProvider
	Minimum pool size: undefined/unknown
	Maximum pool size: undefined/unknown
2026-09-04 14:15:43.722 INFO  [restartedMain] org.hibernate.orm.core - HHH000489: No JTA platform available (set 'hibernate.transaction.jta.platform' to enable JTA platform integration)
2026-09-04 14:15:43.747 WARN  [restartedMain] org.hibernate.orm.jdbc.warn - HHH000247: ErrorCode: 0, SQLState: 00000
2026-09-04 14:15:43.747 WARN  [restartedMain] org.hibernate.orm.jdbc.warn - constraint "uk_students_student_name" of relation "students" does not exist, skipping
2026-09-04 14:15:43.748 INFO  [restartedMain] o.s.o.j.LocalContainerEntityManagerFactoryBean - Initialized JPA EntityManagerFactory for persistence unit 'default'
2026-09-04 14:15:43.775 INFO  [restartedMain] o.s.s.c.a.a.c.InitializeUserDetailsBeanManagerConfigurer$InitializeUserDetailsManagerConfigurer - Global AuthenticationManager configured with UserDetailsService bean with name userDetailsService
2026-09-04 14:15:43.827 WARN  [restartedMain] o.s.b.w.s.s.c.AnnotationConfigServletWebServerApplicationContext - Exception encountered during context initialization - cancelling refresh attempt: org.springframework.beans.factory.UnsatisfiedDependencyException: Error creating bean with name 'jsonPlaceholderWebClient' defined in class path resource [com/bulton/api_student_management/config/WebClientConfig.class]: Unsatisfied dependency expressed through method 'jsonPlaceholderWebClient' parameter 0: No qualifying bean of type 'org.springframework.web.reactive.function.client.WebClient$Builder' available: expected at least 1 bean which qualifies as autowire candidate. Dependency annotations: {}
2026-09-04 14:15:43.828 INFO  [restartedMain] o.s.o.j.LocalContainerEntityManagerFactoryBean - Closing JPA EntityManagerFactory for persistence unit 'default'
2026-09-04 14:15:43.828 INFO  [restartedMain] com.zaxxer.hikari.HikariDataSource - HikariPool-6 - Shutdown initiated...
2026-09-04 14:15:43.866 INFO  [restartedMain] com.zaxxer.hikari.HikariDataSource - HikariPool-6 - Shutdown completed.
2026-09-04 14:15:43.867 INFO  [restartedMain] o.apache.catalina.core.StandardService - Stopping service [Tomcat]
2026-09-04 14:15:43.871 INFO  [restartedMain] o.s.b.a.l.ConditionEvaluationReportLogger - 

Error starting ApplicationContext. To display the condition evaluation report re-run your application with 'debug' enabled.
2026-09-04 14:15:43.873 ERROR [restartedMain] o.s.b.d.LoggingFailureAnalysisReporter - 

***************************
APPLICATION FAILED TO START
***************************

Description:

Parameter 0 of method jsonPlaceholderWebClient in com.bulton.api_student_management.config.WebClientConfig required a bean of type 'org.springframework.web.reactive.function.client.WebClient$Builder' that could not be found.


Action:

Consider defining a bean of type 'org.springframework.web.reactive.function.client.WebClient$Builder' in your configuration.

2026-09-04 14:15:50.364 INFO  [restartedMain] c.b.a.ApiStudentManagementApplication - Starting ApiStudentManagementApplication using Java 21.0.10 with PID 45653 (/Users/macbook/Downloads/api_student_management/target/classes started by macbook in /Users/macbook/Downloads/api_student_management)
2026-09-04 14:15:50.364 INFO  [restartedMain] c.b.a.ApiStudentManagementApplication - No active profile set, falling back to 1 default profile: "default"
2026-09-04 14:15:50.428 INFO  [restartedMain] o.s.d.r.c.RepositoryConfigurationDelegate - Bootstrapping Spring Data JPA repositories in DEFAULT mode.
2026-09-04 14:15:50.432 INFO  [restartedMain] o.s.d.r.c.RepositoryConfigurationDelegate - Finished Spring Data repository scanning in 3 ms. Found 2 JPA repository interfaces.
2026-09-04 14:15:50.470 INFO  [restartedMain] o.s.boot.tomcat.TomcatWebServer - Tomcat initialized with port 8080 (http)
2026-09-04 14:15:50.471 INFO  [restartedMain] o.apache.coyote.http11.Http11NioProtocol - Initializing ProtocolHandler ["http-nio-8080"]
2026-09-04 14:15:50.471 INFO  [restartedMain] o.apache.catalina.core.StandardService - Starting service [Tomcat]
2026-09-04 14:15:50.471 INFO  [restartedMain] org.apache.catalina.core.StandardEngine - Starting Servlet engine: [Apache Tomcat/11.0.24]
2026-09-04 14:15:50.476 INFO  [restartedMain] o.s.b.w.c.s.WebApplicationContextInitializer - Root WebApplicationContext: initialization completed in 111 ms
2026-09-04 14:15:50.498 INFO  [restartedMain] org.hibernate.orm.jpa - HHH008540: Processing PersistenceUnitInfo [name: default]
2026-09-04 14:15:50.514 INFO  [restartedMain] o.s.o.j.p.SpringPersistenceUnitInfo - No LoadTimeWeaver setup: ignoring JPA class transformer
2026-09-04 14:15:50.515 INFO  [restartedMain] com.zaxxer.hikari.HikariDataSource - HikariPool-7 - Starting...
2026-09-04 14:15:50.522 INFO  [restartedMain] com.zaxxer.hikari.pool.HikariPool - HikariPool-7 - Added connection org.postgresql.jdbc.PgConnection@172b5185
2026-09-04 14:15:50.522 INFO  [restartedMain] com.zaxxer.hikari.HikariDataSource - HikariPool-7 - Start completed.
2026-09-04 14:15:50.528 INFO  [restartedMain] org.hibernate.orm.connections.pooling - HHH10001005: Database info:
	Database JDBC URL [jdbc:postgresql://localhost:5432/student_management]
	Database driver: PostgreSQL JDBC Driver
	Database dialect: PostgreSQLDialect
	Database version: 18.6
	Default catalog/schema: student_management/public
	Autocommit mode: undefined/unknown
	Isolation level: READ_COMMITTED [default READ_COMMITTED]
	JDBC fetch size: none
	Pool: DataSourceConnectionProvider
	Minimum pool size: undefined/unknown
	Maximum pool size: undefined/unknown
2026-09-04 14:15:50.553 INFO  [restartedMain] org.hibernate.orm.core - HHH000489: No JTA platform available (set 'hibernate.transaction.jta.platform' to enable JTA platform integration)
2026-09-04 14:15:50.576 WARN  [restartedMain] org.hibernate.orm.jdbc.warn - HHH000247: ErrorCode: 0, SQLState: 00000
2026-09-04 14:15:50.576 WARN  [restartedMain] org.hibernate.orm.jdbc.warn - constraint "uk_students_student_name" of relation "students" does not exist, skipping
2026-09-04 14:15:50.576 INFO  [restartedMain] o.s.o.j.LocalContainerEntityManagerFactoryBean - Initialized JPA EntityManagerFactory for persistence unit 'default'
2026-09-04 14:15:50.606 INFO  [restartedMain] o.s.s.c.a.a.c.InitializeUserDetailsBeanManagerConfigurer$InitializeUserDetailsManagerConfigurer - Global AuthenticationManager configured with UserDetailsService bean with name userDetailsService
2026-09-04 14:15:50.658 WARN  [restartedMain] o.s.b.w.s.s.c.AnnotationConfigServletWebServerApplicationContext - Exception encountered during context initialization - cancelling refresh attempt: org.springframework.beans.factory.UnsatisfiedDependencyException: Error creating bean with name 'jsonPlaceholderWebClient' defined in class path resource [com/bulton/api_student_management/config/WebClientConfig.class]: Unsatisfied dependency expressed through method 'jsonPlaceholderWebClient' parameter 0: No qualifying bean of type 'org.springframework.web.reactive.function.client.WebClient$Builder' available: expected at least 1 bean which qualifies as autowire candidate. Dependency annotations: {}
2026-09-04 14:15:50.658 INFO  [restartedMain] o.s.o.j.LocalContainerEntityManagerFactoryBean - Closing JPA EntityManagerFactory for persistence unit 'default'
2026-09-04 14:15:50.658 INFO  [restartedMain] com.zaxxer.hikari.HikariDataSource - HikariPool-7 - Shutdown initiated...
2026-09-04 14:15:50.665 INFO  [restartedMain] com.zaxxer.hikari.HikariDataSource - HikariPool-7 - Shutdown completed.
2026-09-04 14:15:50.665 INFO  [restartedMain] o.apache.catalina.core.StandardService - Stopping service [Tomcat]
2026-09-04 14:15:50.667 INFO  [restartedMain] o.s.b.a.l.ConditionEvaluationReportLogger - 

Error starting ApplicationContext. To display the condition evaluation report re-run your application with 'debug' enabled.
2026-09-04 14:15:50.668 ERROR [restartedMain] o.s.b.d.LoggingFailureAnalysisReporter - 

***************************
APPLICATION FAILED TO START
***************************

Description:

Parameter 0 of method jsonPlaceholderWebClient in com.bulton.api_student_management.config.WebClientConfig required a bean of type 'org.springframework.web.reactive.function.client.WebClient$Builder' that could not be found.


Action:

Consider defining a bean of type 'org.springframework.web.reactive.function.client.WebClient$Builder' in your configuration.

2026-09-04 14:16:14.351 INFO  [restartedMain] c.b.a.ApiStudentManagementApplication - Starting ApiStudentManagementApplication using Java 21.0.10 with PID 45653 (/Users/macbook/Downloads/api_student_management/target/classes started by macbook in /Users/macbook/Downloads/api_student_management)
2026-09-04 14:16:14.351 INFO  [restartedMain] c.b.a.ApiStudentManagementApplication - No active profile set, falling back to 1 default profile: "default"
2026-09-04 14:16:14.429 INFO  [restartedMain] o.s.d.r.c.RepositoryConfigurationDelegate - Bootstrapping Spring Data JPA repositories in DEFAULT mode.
2026-09-04 14:16:14.432 INFO  [restartedMain] o.s.d.r.c.RepositoryConfigurationDelegate - Finished Spring Data repository scanning in 3 ms. Found 2 JPA repository interfaces.
2026-09-04 14:16:14.471 INFO  [restartedMain] o.s.boot.tomcat.TomcatWebServer - Tomcat initialized with port 8080 (http)
2026-09-04 14:16:14.471 INFO  [restartedMain] o.apache.coyote.http11.Http11NioProtocol - Initializing ProtocolHandler ["http-nio-8080"]
2026-09-04 14:16:14.471 INFO  [restartedMain] o.apache.catalina.core.StandardService - Starting service [Tomcat]
2026-09-04 14:16:14.471 INFO  [restartedMain] org.apache.catalina.core.StandardEngine - Starting Servlet engine: [Apache Tomcat/11.0.24]
2026-09-04 14:16:14.476 INFO  [restartedMain] o.s.b.w.c.s.WebApplicationContextInitializer - Root WebApplicationContext: initialization completed in 123 ms
2026-09-04 14:16:14.493 INFO  [restartedMain] org.hibernate.orm.jpa - HHH008540: Processing PersistenceUnitInfo [name: default]
2026-09-04 14:16:14.501 INFO  [restartedMain] o.s.o.j.p.SpringPersistenceUnitInfo - No LoadTimeWeaver setup: ignoring JPA class transformer
2026-09-04 14:16:14.501 INFO  [restartedMain] com.zaxxer.hikari.HikariDataSource - HikariPool-8 - Starting...
2026-09-04 14:16:14.512 INFO  [restartedMain] com.zaxxer.hikari.pool.HikariPool - HikariPool-8 - Added connection org.postgresql.jdbc.PgConnection@780a1e07
2026-09-04 14:16:14.512 INFO  [restartedMain] com.zaxxer.hikari.HikariDataSource - HikariPool-8 - Start completed.
2026-09-04 14:16:14.518 INFO  [restartedMain] org.hibernate.orm.connections.pooling - HHH10001005: Database info:
	Database JDBC URL [jdbc:postgresql://localhost:5432/student_management]
	Database driver: PostgreSQL JDBC Driver
	Database dialect: PostgreSQLDialect
	Database version: 18.6
	Default catalog/schema: student_management/public
	Autocommit mode: undefined/unknown
	Isolation level: READ_COMMITTED [default READ_COMMITTED]
	JDBC fetch size: none
	Pool: DataSourceConnectionProvider
	Minimum pool size: undefined/unknown
	Maximum pool size: undefined/unknown
2026-09-04 14:16:14.543 INFO  [restartedMain] org.hibernate.orm.core - HHH000489: No JTA platform available (set 'hibernate.transaction.jta.platform' to enable JTA platform integration)
2026-09-04 14:16:14.564 WARN  [restartedMain] org.hibernate.orm.jdbc.warn - HHH000247: ErrorCode: 0, SQLState: 00000
2026-09-04 14:16:14.564 WARN  [restartedMain] org.hibernate.orm.jdbc.warn - constraint "uk_students_student_name" of relation "students" does not exist, skipping
2026-09-04 14:16:14.564 INFO  [restartedMain] o.s.o.j.LocalContainerEntityManagerFactoryBean - Initialized JPA EntityManagerFactory for persistence unit 'default'
2026-09-04 14:16:14.590 INFO  [restartedMain] o.s.s.c.a.a.c.InitializeUserDetailsBeanManagerConfigurer$InitializeUserDetailsManagerConfigurer - Global AuthenticationManager configured with UserDetailsService bean with name userDetailsService
2026-09-04 14:16:14.640 WARN  [restartedMain] o.s.b.w.s.s.c.AnnotationConfigServletWebServerApplicationContext - Exception encountered during context initialization - cancelling refresh attempt: org.springframework.beans.factory.UnsatisfiedDependencyException: Error creating bean with name 'jsonPlaceholderWebClient' defined in class path resource [com/bulton/api_student_management/config/WebClientConfig.class]: Unsatisfied dependency expressed through method 'jsonPlaceholderWebClient' parameter 0: No qualifying bean of type 'org.springframework.web.reactive.function.client.WebClient$Builder' available: expected at least 1 bean which qualifies as autowire candidate. Dependency annotations: {}
2026-09-04 14:16:14.640 INFO  [restartedMain] o.s.o.j.LocalContainerEntityManagerFactoryBean - Closing JPA EntityManagerFactory for persistence unit 'default'
2026-09-04 14:16:14.640 INFO  [restartedMain] com.zaxxer.hikari.HikariDataSource - HikariPool-8 - Shutdown initiated...
2026-09-04 14:16:14.654 INFO  [restartedMain] com.zaxxer.hikari.HikariDataSource - HikariPool-8 - Shutdown completed.
2026-09-04 14:16:14.654 INFO  [restartedMain] o.apache.catalina.core.StandardService - Stopping service [Tomcat]
2026-09-04 14:16:14.657 INFO  [restartedMain] o.s.b.a.l.ConditionEvaluationReportLogger - 

Error starting ApplicationContext. To display the condition evaluation report re-run your application with 'debug' enabled.
2026-09-04 14:16:14.658 ERROR [restartedMain] o.s.b.d.LoggingFailureAnalysisReporter - 

***************************
APPLICATION FAILED TO START
***************************

Description:

Parameter 0 of method jsonPlaceholderWebClient in com.bulton.api_student_management.config.WebClientConfig required a bean of type 'org.springframework.web.reactive.function.client.WebClient$Builder' that could not be found.


Action:

Consider defining a bean of type 'org.springframework.web.reactive.function.client.WebClient$Builder' in your configuration.

2026-09-04 14:16:23.177 INFO  [restartedMain] c.b.a.ApiStudentManagementApplication - Starting ApiStudentManagementApplication using Java 21.0.10 with PID 45653 (/Users/macbook/Downloads/api_student_management/target/classes started by macbook in /Users/macbook/Downloads/api_student_management)
2026-09-04 14:16:23.177 INFO  [restartedMain] c.b.a.ApiStudentManagementApplication - No active profile set, falling back to 1 default profile: "default"
2026-09-04 14:16:23.262 INFO  [restartedMain] o.s.d.r.c.RepositoryConfigurationDelegate - Bootstrapping Spring Data JPA repositories in DEFAULT mode.
2026-09-04 14:16:23.266 INFO  [restartedMain] o.s.d.r.c.RepositoryConfigurationDelegate - Finished Spring Data repository scanning in 3 ms. Found 2 JPA repository interfaces.
2026-09-04 14:16:23.310 INFO  [restartedMain] o.s.boot.tomcat.TomcatWebServer - Tomcat initialized with port 8080 (http)
2026-09-04 14:16:23.310 INFO  [restartedMain] o.apache.coyote.http11.Http11NioProtocol - Initializing ProtocolHandler ["http-nio-8080"]
2026-09-04 14:16:23.311 INFO  [restartedMain] o.apache.catalina.core.StandardService - Starting service [Tomcat]
2026-09-04 14:16:23.311 INFO  [restartedMain] org.apache.catalina.core.StandardEngine - Starting Servlet engine: [Apache Tomcat/11.0.24]
2026-09-04 14:16:23.317 INFO  [restartedMain] o.s.b.w.c.s.WebApplicationContextInitializer - Root WebApplicationContext: initialization completed in 139 ms
2026-09-04 14:16:23.342 INFO  [restartedMain] org.hibernate.orm.jpa - HHH008540: Processing PersistenceUnitInfo [name: default]
2026-09-04 14:16:23.353 INFO  [restartedMain] o.s.o.j.p.SpringPersistenceUnitInfo - No LoadTimeWeaver setup: ignoring JPA class transformer
2026-09-04 14:16:23.353 INFO  [restartedMain] com.zaxxer.hikari.HikariDataSource - HikariPool-9 - Starting...
2026-09-04 14:16:23.361 INFO  [restartedMain] com.zaxxer.hikari.pool.HikariPool - HikariPool-9 - Added connection org.postgresql.jdbc.PgConnection@2de45f2e
2026-09-04 14:16:23.361 INFO  [restartedMain] com.zaxxer.hikari.HikariDataSource - HikariPool-9 - Start completed.
2026-09-04 14:16:23.371 INFO  [restartedMain] org.hibernate.orm.connections.pooling - HHH10001005: Database info:
	Database JDBC URL [jdbc:postgresql://localhost:5432/student_management]
	Database driver: PostgreSQL JDBC Driver
	Database dialect: PostgreSQLDialect
	Database version: 18.6
	Default catalog/schema: student_management/public
	Autocommit mode: undefined/unknown
	Isolation level: READ_COMMITTED [default READ_COMMITTED]
	JDBC fetch size: none
	Pool: DataSourceConnectionProvider
	Minimum pool size: undefined/unknown
	Maximum pool size: undefined/unknown
2026-09-04 14:16:23.402 INFO  [restartedMain] org.hibernate.orm.core - HHH000489: No JTA platform available (set 'hibernate.transaction.jta.platform' to enable JTA platform integration)
2026-09-04 14:16:23.429 WARN  [restartedMain] org.hibernate.orm.jdbc.warn - HHH000247: ErrorCode: 0, SQLState: 00000
2026-09-04 14:16:23.430 WARN  [restartedMain] org.hibernate.orm.jdbc.warn - constraint "uk_students_student_name" of relation "students" does not exist, skipping
2026-09-04 14:16:23.430 INFO  [restartedMain] o.s.o.j.LocalContainerEntityManagerFactoryBean - Initialized JPA EntityManagerFactory for persistence unit 'default'
2026-09-04 14:16:23.457 INFO  [restartedMain] o.s.s.c.a.a.c.InitializeUserDetailsBeanManagerConfigurer$InitializeUserDetailsManagerConfigurer - Global AuthenticationManager configured with UserDetailsService bean with name userDetailsService
2026-09-04 14:16:23.506 WARN  [restartedMain] o.s.b.w.s.s.c.AnnotationConfigServletWebServerApplicationContext - Exception encountered during context initialization - cancelling refresh attempt: org.springframework.beans.factory.UnsatisfiedDependencyException: Error creating bean with name 'jsonPlaceholderWebClient' defined in class path resource [com/bulton/api_student_management/config/WebClientConfig.class]: Unsatisfied dependency expressed through method 'jsonPlaceholderWebClient' parameter 0: No qualifying bean of type 'org.springframework.web.reactive.function.client.WebClient$Builder' available: expected at least 1 bean which qualifies as autowire candidate. Dependency annotations: {}
2026-09-04 14:16:23.506 INFO  [restartedMain] o.s.o.j.LocalContainerEntityManagerFactoryBean - Closing JPA EntityManagerFactory for persistence unit 'default'
2026-09-04 14:16:23.506 INFO  [restartedMain] com.zaxxer.hikari.HikariDataSource - HikariPool-9 - Shutdown initiated...
2026-09-04 14:16:23.549 INFO  [restartedMain] com.zaxxer.hikari.HikariDataSource - HikariPool-9 - Shutdown completed.
2026-09-04 14:16:23.549 INFO  [restartedMain] o.apache.catalina.core.StandardService - Stopping service [Tomcat]
2026-09-04 14:16:23.553 INFO  [restartedMain] o.s.b.a.l.ConditionEvaluationReportLogger - 

Error starting ApplicationContext. To display the condition evaluation report re-run your application with 'debug' enabled.
2026-09-04 14:16:23.554 ERROR [restartedMain] o.s.b.d.LoggingFailureAnalysisReporter - 

***************************
APPLICATION FAILED TO START
***************************

Description:

Parameter 0 of method jsonPlaceholderWebClient in com.bulton.api_student_management.config.WebClientConfig required a bean of type 'org.springframework.web.reactive.function.client.WebClient$Builder' that could not be found.


Action:

Consider defining a bean of type 'org.springframework.web.reactive.function.client.WebClient$Builder' in your configuration.

2026-09-04 14:16:48.203 INFO  [restartedMain] c.b.a.ApiStudentManagementApplication - Starting ApiStudentManagementApplication using Java 21.0.10 with PID 45653 (/Users/macbook/Downloads/api_student_management/target/classes started by macbook in /Users/macbook/Downloads/api_student_management)
2026-09-04 14:16:48.203 INFO  [restartedMain] c.b.a.ApiStudentManagementApplication - No active profile set, falling back to 1 default profile: "default"
2026-09-04 14:16:48.268 INFO  [restartedMain] o.s.d.r.c.RepositoryConfigurationDelegate - Bootstrapping Spring Data JPA repositories in DEFAULT mode.
2026-09-04 14:16:48.273 INFO  [restartedMain] o.s.d.r.c.RepositoryConfigurationDelegate - Finished Spring Data repository scanning in 4 ms. Found 2 JPA repository interfaces.
2026-09-04 14:16:48.315 INFO  [restartedMain] o.s.boot.tomcat.TomcatWebServer - Tomcat initialized with port 8080 (http)
2026-09-04 14:16:48.315 INFO  [restartedMain] o.apache.coyote.http11.Http11NioProtocol - Initializing ProtocolHandler ["http-nio-8080"]
2026-09-04 14:16:48.316 INFO  [restartedMain] o.apache.catalina.core.StandardService - Starting service [Tomcat]
2026-09-04 14:16:48.316 INFO  [restartedMain] org.apache.catalina.core.StandardEngine - Starting Servlet engine: [Apache Tomcat/11.0.24]
2026-09-04 14:16:48.322 INFO  [restartedMain] o.s.b.w.c.s.WebApplicationContextInitializer - Root WebApplicationContext: initialization completed in 118 ms
2026-09-04 14:16:48.343 INFO  [restartedMain] org.hibernate.orm.jpa - HHH008540: Processing PersistenceUnitInfo [name: default]
2026-09-04 14:16:48.356 INFO  [restartedMain] o.s.o.j.p.SpringPersistenceUnitInfo - No LoadTimeWeaver setup: ignoring JPA class transformer
2026-09-04 14:16:48.357 INFO  [restartedMain] com.zaxxer.hikari.HikariDataSource - HikariPool-10 - Starting...
2026-09-04 14:16:48.365 INFO  [restartedMain] com.zaxxer.hikari.pool.HikariPool - HikariPool-10 - Added connection org.postgresql.jdbc.PgConnection@5b36c85d
2026-09-04 14:16:48.366 INFO  [restartedMain] com.zaxxer.hikari.HikariDataSource - HikariPool-10 - Start completed.
2026-09-04 14:16:48.375 INFO  [restartedMain] org.hibernate.orm.connections.pooling - HHH10001005: Database info:
	Database JDBC URL [jdbc:postgresql://localhost:5432/student_management]
	Database driver: PostgreSQL JDBC Driver
	Database dialect: PostgreSQLDialect
	Database version: 18.6
	Default catalog/schema: student_management/public
	Autocommit mode: undefined/unknown
	Isolation level: READ_COMMITTED [default READ_COMMITTED]
	JDBC fetch size: none
	Pool: DataSourceConnectionProvider
	Minimum pool size: undefined/unknown
	Maximum pool size: undefined/unknown
2026-09-04 14:16:48.412 INFO  [restartedMain] org.hibernate.orm.core - HHH000489: No JTA platform available (set 'hibernate.transaction.jta.platform' to enable JTA platform integration)
2026-09-04 14:16:48.437 WARN  [restartedMain] org.hibernate.orm.jdbc.warn - HHH000247: ErrorCode: 0, SQLState: 00000
2026-09-04 14:16:48.438 WARN  [restartedMain] org.hibernate.orm.jdbc.warn - constraint "uk_students_student_name" of relation "students" does not exist, skipping
2026-09-04 14:16:48.438 INFO  [restartedMain] o.s.o.j.LocalContainerEntityManagerFactoryBean - Initialized JPA EntityManagerFactory for persistence unit 'default'
2026-09-04 14:16:48.465 INFO  [restartedMain] o.s.s.c.a.a.c.InitializeUserDetailsBeanManagerConfigurer$InitializeUserDetailsManagerConfigurer - Global AuthenticationManager configured with UserDetailsService bean with name userDetailsService
2026-09-04 14:16:48.516 WARN  [restartedMain] o.s.b.w.s.s.c.AnnotationConfigServletWebServerApplicationContext - Exception encountered during context initialization - cancelling refresh attempt: org.springframework.beans.factory.UnsatisfiedDependencyException: Error creating bean with name 'jsonPlaceholderWebClient' defined in class path resource [com/bulton/api_student_management/config/WebClientConfig.class]: Unsatisfied dependency expressed through method 'jsonPlaceholderWebClient' parameter 0: No qualifying bean of type 'org.springframework.web.reactive.function.client.WebClient$Builder' available: expected at least 1 bean which qualifies as autowire candidate. Dependency annotations: {}
2026-09-04 14:16:48.516 INFO  [restartedMain] o.s.o.j.LocalContainerEntityManagerFactoryBean - Closing JPA EntityManagerFactory for persistence unit 'default'
2026-09-04 14:16:48.517 INFO  [restartedMain] com.zaxxer.hikari.HikariDataSource - HikariPool-10 - Shutdown initiated...
2026-09-04 14:16:48.545 INFO  [restartedMain] com.zaxxer.hikari.HikariDataSource - HikariPool-10 - Shutdown completed.
2026-09-04 14:16:48.545 INFO  [restartedMain] o.apache.catalina.core.StandardService - Stopping service [Tomcat]
2026-09-04 14:16:48.548 INFO  [restartedMain] o.s.b.a.l.ConditionEvaluationReportLogger - 

Error starting ApplicationContext. To display the condition evaluation report re-run your application with 'debug' enabled.
2026-09-04 14:16:48.550 ERROR [restartedMain] o.s.b.d.LoggingFailureAnalysisReporter - 

***************************
APPLICATION FAILED TO START
***************************

Description:

Parameter 0 of method jsonPlaceholderWebClient in com.bulton.api_student_management.config.WebClientConfig required a bean of type 'org.springframework.web.reactive.function.client.WebClient$Builder' that could not be found.


Action:

Consider defining a bean of type 'org.springframework.web.reactive.function.client.WebClient$Builder' in your configuration.

2026-09-04 14:16:52.018 INFO  [restartedMain] c.b.a.ApiStudentManagementApplication - Starting ApiStudentManagementApplication using Java 21.0.10 with PID 45653 (/Users/macbook/Downloads/api_student_management/target/classes started by macbook in /Users/macbook/Downloads/api_student_management)
2026-09-04 14:16:52.018 INFO  [restartedMain] c.b.a.ApiStudentManagementApplication - No active profile set, falling back to 1 default profile: "default"
2026-09-04 14:16:52.114 INFO  [restartedMain] o.s.d.r.c.RepositoryConfigurationDelegate - Bootstrapping Spring Data JPA repositories in DEFAULT mode.
2026-09-04 14:16:52.123 INFO  [restartedMain] o.s.d.r.c.RepositoryConfigurationDelegate - Finished Spring Data repository scanning in 7 ms. Found 2 JPA repository interfaces.
2026-09-04 14:16:52.162 INFO  [restartedMain] o.s.boot.tomcat.TomcatWebServer - Tomcat initialized with port 8080 (http)
2026-09-04 14:16:52.163 INFO  [restartedMain] o.apache.coyote.http11.Http11NioProtocol - Initializing ProtocolHandler ["http-nio-8080"]
2026-09-04 14:16:52.163 INFO  [restartedMain] o.apache.catalina.core.StandardService - Starting service [Tomcat]
2026-09-04 14:16:52.163 INFO  [restartedMain] org.apache.catalina.core.StandardEngine - Starting Servlet engine: [Apache Tomcat/11.0.24]
2026-09-04 14:16:52.171 INFO  [restartedMain] o.s.b.w.c.s.WebApplicationContextInitializer - Root WebApplicationContext: initialization completed in 151 ms
2026-09-04 14:16:52.189 INFO  [restartedMain] org.hibernate.orm.jpa - HHH008540: Processing PersistenceUnitInfo [name: default]
2026-09-04 14:16:52.197 INFO  [restartedMain] o.s.o.j.p.SpringPersistenceUnitInfo - No LoadTimeWeaver setup: ignoring JPA class transformer
2026-09-04 14:16:52.197 INFO  [restartedMain] com.zaxxer.hikari.HikariDataSource - HikariPool-11 - Starting...
2026-09-04 14:16:52.202 INFO  [restartedMain] com.zaxxer.hikari.pool.HikariPool - HikariPool-11 - Added connection org.postgresql.jdbc.PgConnection@a21c158
2026-09-04 14:16:52.202 INFO  [restartedMain] com.zaxxer.hikari.HikariDataSource - HikariPool-11 - Start completed.
2026-09-04 14:16:52.209 INFO  [restartedMain] org.hibernate.orm.connections.pooling - HHH10001005: Database info:
	Database JDBC URL [jdbc:postgresql://localhost:5432/student_management]
	Database driver: PostgreSQL JDBC Driver
	Database dialect: PostgreSQLDialect
	Database version: 18.6
	Default catalog/schema: student_management/public
	Autocommit mode: undefined/unknown
	Isolation level: READ_COMMITTED [default READ_COMMITTED]
	JDBC fetch size: none
	Pool: DataSourceConnectionProvider
	Minimum pool size: undefined/unknown
	Maximum pool size: undefined/unknown
2026-09-04 14:16:52.234 INFO  [restartedMain] org.hibernate.orm.core - HHH000489: No JTA platform available (set 'hibernate.transaction.jta.platform' to enable JTA platform integration)
2026-09-04 14:16:52.256 WARN  [restartedMain] org.hibernate.orm.jdbc.warn - HHH000247: ErrorCode: 0, SQLState: 00000
2026-09-04 14:16:52.256 WARN  [restartedMain] org.hibernate.orm.jdbc.warn - constraint "uk_students_student_name" of relation "students" does not exist, skipping
2026-09-04 14:16:52.256 INFO  [restartedMain] o.s.o.j.LocalContainerEntityManagerFactoryBean - Initialized JPA EntityManagerFactory for persistence unit 'default'
2026-09-04 14:16:52.282 INFO  [restartedMain] o.s.s.c.a.a.c.InitializeUserDetailsBeanManagerConfigurer$InitializeUserDetailsManagerConfigurer - Global AuthenticationManager configured with UserDetailsService bean with name userDetailsService
2026-09-04 14:16:52.336 WARN  [restartedMain] o.s.b.w.s.s.c.AnnotationConfigServletWebServerApplicationContext - Exception encountered during context initialization - cancelling refresh attempt: org.springframework.beans.factory.UnsatisfiedDependencyException: Error creating bean with name 'jsonPlaceholderWebClient' defined in class path resource [com/bulton/api_student_management/config/WebClientConfig.class]: Unsatisfied dependency expressed through method 'jsonPlaceholderWebClient' parameter 0: No qualifying bean of type 'org.springframework.web.reactive.function.client.WebClient$Builder' available: expected at least 1 bean which qualifies as autowire candidate. Dependency annotations: {}
2026-09-04 14:16:52.337 INFO  [restartedMain] o.s.o.j.LocalContainerEntityManagerFactoryBean - Closing JPA EntityManagerFactory for persistence unit 'default'
2026-09-04 14:16:52.337 INFO  [restartedMain] com.zaxxer.hikari.HikariDataSource - HikariPool-11 - Shutdown initiated...
2026-09-04 14:16:52.349 INFO  [restartedMain] com.zaxxer.hikari.HikariDataSource - HikariPool-11 - Shutdown completed.
2026-09-04 14:16:52.350 INFO  [restartedMain] o.apache.catalina.core.StandardService - Stopping service [Tomcat]
2026-09-04 14:16:52.353 INFO  [restartedMain] o.s.b.a.l.ConditionEvaluationReportLogger - 

Error starting ApplicationContext. To display the condition evaluation report re-run your application with 'debug' enabled.
2026-09-04 14:16:52.354 ERROR [restartedMain] o.s.b.d.LoggingFailureAnalysisReporter - 

***************************
APPLICATION FAILED TO START
***************************

Description:

Parameter 0 of method jsonPlaceholderWebClient in com.bulton.api_student_management.config.WebClientConfig required a bean of type 'org.springframework.web.reactive.function.client.WebClient$Builder' that could not be found.


Action:

Consider defining a bean of type 'org.springframework.web.reactive.function.client.WebClient$Builder' in your configuration.

2026-09-04 14:17:07.977 INFO  [restartedMain] c.b.a.ApiStudentManagementApplication - Starting ApiStudentManagementApplication using Java 21.0.10 with PID 45653 (/Users/macbook/Downloads/api_student_management/target/classes started by macbook in /Users/macbook/Downloads/api_student_management)
2026-09-04 14:17:07.977 INFO  [restartedMain] c.b.a.ApiStudentManagementApplication - No active profile set, falling back to 1 default profile: "default"
2026-09-04 14:17:08.045 INFO  [restartedMain] o.s.d.r.c.RepositoryConfigurationDelegate - Bootstrapping Spring Data JPA repositories in DEFAULT mode.
2026-09-04 14:17:08.049 INFO  [restartedMain] o.s.d.r.c.RepositoryConfigurationDelegate - Finished Spring Data repository scanning in 3 ms. Found 2 JPA repository interfaces.
2026-09-04 14:17:08.086 INFO  [restartedMain] o.s.boot.tomcat.TomcatWebServer - Tomcat initialized with port 8080 (http)
2026-09-04 14:17:08.087 INFO  [restartedMain] o.apache.coyote.http11.Http11NioProtocol - Initializing ProtocolHandler ["http-nio-8080"]
2026-09-04 14:17:08.087 INFO  [restartedMain] o.apache.catalina.core.StandardService - Starting service [Tomcat]
2026-09-04 14:17:08.087 INFO  [restartedMain] org.apache.catalina.core.StandardEngine - Starting Servlet engine: [Apache Tomcat/11.0.24]
2026-09-04 14:17:08.095 INFO  [restartedMain] o.s.b.w.c.s.WebApplicationContextInitializer - Root WebApplicationContext: initialization completed in 117 ms
2026-09-04 14:17:08.113 INFO  [restartedMain] org.hibernate.orm.jpa - HHH008540: Processing PersistenceUnitInfo [name: default]
2026-09-04 14:17:08.121 INFO  [restartedMain] o.s.o.j.p.SpringPersistenceUnitInfo - No LoadTimeWeaver setup: ignoring JPA class transformer
2026-09-04 14:17:08.122 INFO  [restartedMain] com.zaxxer.hikari.HikariDataSource - HikariPool-12 - Starting...
2026-09-04 14:17:08.127 INFO  [restartedMain] com.zaxxer.hikari.pool.HikariPool - HikariPool-12 - Added connection org.postgresql.jdbc.PgConnection@3ec396dc
2026-09-04 14:17:08.127 INFO  [restartedMain] com.zaxxer.hikari.HikariDataSource - HikariPool-12 - Start completed.
2026-09-04 14:17:08.135 INFO  [restartedMain] org.hibernate.orm.connections.pooling - HHH10001005: Database info:
	Database JDBC URL [jdbc:postgresql://localhost:5432/student_management]
	Database driver: PostgreSQL JDBC Driver
	Database dialect: PostgreSQLDialect
	Database version: 18.6
	Default catalog/schema: student_management/public
	Autocommit mode: undefined/unknown
	Isolation level: READ_COMMITTED [default READ_COMMITTED]
	JDBC fetch size: none
	Pool: DataSourceConnectionProvider
	Minimum pool size: undefined/unknown
	Maximum pool size: undefined/unknown
2026-09-04 14:17:08.160 INFO  [restartedMain] org.hibernate.orm.core - HHH000489: No JTA platform available (set 'hibernate.transaction.jta.platform' to enable JTA platform integration)
2026-09-04 14:17:08.186 WARN  [restartedMain] org.hibernate.orm.jdbc.warn - HHH000247: ErrorCode: 0, SQLState: 00000
2026-09-04 14:17:08.186 WARN  [restartedMain] org.hibernate.orm.jdbc.warn - constraint "uk_students_student_name" of relation "students" does not exist, skipping
2026-09-04 14:17:08.186 INFO  [restartedMain] o.s.o.j.LocalContainerEntityManagerFactoryBean - Initialized JPA EntityManagerFactory for persistence unit 'default'
2026-09-04 14:17:08.214 INFO  [restartedMain] o.s.s.c.a.a.c.InitializeUserDetailsBeanManagerConfigurer$InitializeUserDetailsManagerConfigurer - Global AuthenticationManager configured with UserDetailsService bean with name userDetailsService
2026-09-04 14:17:08.263 WARN  [restartedMain] o.s.b.w.s.s.c.AnnotationConfigServletWebServerApplicationContext - Exception encountered during context initialization - cancelling refresh attempt: org.springframework.beans.factory.UnsatisfiedDependencyException: Error creating bean with name 'jsonPlaceholderWebClient' defined in class path resource [com/bulton/api_student_management/config/WebClientConfig.class]: Unsatisfied dependency expressed through method 'jsonPlaceholderWebClient' parameter 0: No qualifying bean of type 'org.springframework.web.reactive.function.client.WebClient$Builder' available: expected at least 1 bean which qualifies as autowire candidate. Dependency annotations: {}
2026-09-04 14:17:08.263 INFO  [restartedMain] o.s.o.j.LocalContainerEntityManagerFactoryBean - Closing JPA EntityManagerFactory for persistence unit 'default'
2026-09-04 14:17:08.263 INFO  [restartedMain] com.zaxxer.hikari.HikariDataSource - HikariPool-12 - Shutdown initiated...
2026-09-04 14:17:08.268 INFO  [restartedMain] com.zaxxer.hikari.HikariDataSource - HikariPool-12 - Shutdown completed.
2026-09-04 14:17:08.268 INFO  [restartedMain] o.apache.catalina.core.StandardService - Stopping service [Tomcat]
2026-09-04 14:17:08.270 INFO  [restartedMain] o.s.b.a.l.ConditionEvaluationReportLogger - 

Error starting ApplicationContext. To display the condition evaluation report re-run your application with 'debug' enabled.
2026-09-04 14:17:08.271 ERROR [restartedMain] o.s.b.d.LoggingFailureAnalysisReporter - 

***************************
APPLICATION FAILED TO START
***************************

Description:

Parameter 0 of method jsonPlaceholderWebClient in com.bulton.api_student_management.config.WebClientConfig required a bean of type 'org.springframework.web.reactive.function.client.WebClient$Builder' that could not be found.


Action:

Consider defining a bean of type 'org.springframework.web.reactive.function.client.WebClient$Builder' in your configuration.

2026-09-04 14:17:10.725 INFO  [restartedMain] c.b.a.ApiStudentManagementApplication - Starting ApiStudentManagementApplication using Java 21.0.10 with PID 45653 (/Users/macbook/Downloads/api_student_management/target/classes started by macbook in /Users/macbook/Downloads/api_student_management)
2026-09-04 14:17:10.725 INFO  [restartedMain] c.b.a.ApiStudentManagementApplication - No active profile set, falling back to 1 default profile: "default"
2026-09-04 14:17:10.807 INFO  [restartedMain] o.s.d.r.c.RepositoryConfigurationDelegate - Bootstrapping Spring Data JPA repositories in DEFAULT mode.
2026-09-04 14:17:10.811 INFO  [restartedMain] o.s.d.r.c.RepositoryConfigurationDelegate - Finished Spring Data repository scanning in 3 ms. Found 2 JPA repository interfaces.
2026-09-04 14:17:10.850 INFO  [restartedMain] o.s.boot.tomcat.TomcatWebServer - Tomcat initialized with port 8080 (http)
2026-09-04 14:17:10.851 INFO  [restartedMain] o.apache.coyote.http11.Http11NioProtocol - Initializing ProtocolHandler ["http-nio-8080"]
2026-09-04 14:17:10.851 INFO  [restartedMain] o.apache.catalina.core.StandardService - Starting service [Tomcat]
2026-09-04 14:17:10.851 INFO  [restartedMain] org.apache.catalina.core.StandardEngine - Starting Servlet engine: [Apache Tomcat/11.0.24]
2026-09-04 14:17:10.856 INFO  [restartedMain] o.s.b.w.c.s.WebApplicationContextInitializer - Root WebApplicationContext: initialization completed in 130 ms
2026-09-04 14:17:10.876 INFO  [restartedMain] org.hibernate.orm.jpa - HHH008540: Processing PersistenceUnitInfo [name: default]
2026-09-04 14:17:10.885 INFO  [restartedMain] o.s.o.j.p.SpringPersistenceUnitInfo - No LoadTimeWeaver setup: ignoring JPA class transformer
2026-09-04 14:17:10.885 INFO  [restartedMain] com.zaxxer.hikari.HikariDataSource - HikariPool-13 - Starting...
2026-09-04 14:17:10.890 INFO  [restartedMain] com.zaxxer.hikari.pool.HikariPool - HikariPool-13 - Added connection org.postgresql.jdbc.PgConnection@2cc216c5
2026-09-04 14:17:10.890 INFO  [restartedMain] com.zaxxer.hikari.HikariDataSource - HikariPool-13 - Start completed.
2026-09-04 14:17:10.896 INFO  [restartedMain] org.hibernate.orm.connections.pooling - HHH10001005: Database info:
	Database JDBC URL [jdbc:postgresql://localhost:5432/student_management]
	Database driver: PostgreSQL JDBC Driver
	Database dialect: PostgreSQLDialect
	Database version: 18.6
	Default catalog/schema: student_management/public
	Autocommit mode: undefined/unknown
	Isolation level: READ_COMMITTED [default READ_COMMITTED]
	JDBC fetch size: none
	Pool: DataSourceConnectionProvider
	Minimum pool size: undefined/unknown
	Maximum pool size: undefined/unknown
2026-09-04 14:17:10.921 INFO  [restartedMain] org.hibernate.orm.core - HHH000489: No JTA platform available (set 'hibernate.transaction.jta.platform' to enable JTA platform integration)
2026-09-04 14:17:10.956 WARN  [restartedMain] org.hibernate.orm.jdbc.warn - HHH000247: ErrorCode: 0, SQLState: 00000
2026-09-04 14:17:10.956 WARN  [restartedMain] org.hibernate.orm.jdbc.warn - constraint "uk_students_student_name" of relation "students" does not exist, skipping
2026-09-04 14:17:10.957 INFO  [restartedMain] o.s.o.j.LocalContainerEntityManagerFactoryBean - Initialized JPA EntityManagerFactory for persistence unit 'default'
2026-09-04 14:17:10.992 INFO  [restartedMain] o.s.s.c.a.a.c.InitializeUserDetailsBeanManagerConfigurer$InitializeUserDetailsManagerConfigurer - Global AuthenticationManager configured with UserDetailsService bean with name userDetailsService
2026-09-04 14:17:11.005 WARN  [restartedMain] o.s.b.w.s.s.c.AnnotationConfigServletWebServerApplicationContext - Exception encountered during context initialization - cancelling refresh attempt: org.springframework.beans.factory.UnsatisfiedDependencyException: Error creating bean with name 'externalPostServiceImpl' defined in file [/Users/macbook/Downloads/api_student_management/target/classes/com/bulton/api_student_management/service/impl/ExternalPostServiceImpl.class]: Unsatisfied dependency expressed through constructor parameter 0: Error creating bean with name 'jsonPlaceholderWebClient' defined in class path resource [com/bulton/api_student_management/config/WebClientConfig.class]: Unsatisfied dependency expressed through method 'jsonPlaceholderWebClient' parameter 0: No qualifying bean of type 'org.springframework.web.reactive.function.client.WebClient$Builder' available: expected at least 1 bean which qualifies as autowire candidate. Dependency annotations: {}
2026-09-04 14:17:11.005 INFO  [restartedMain] o.s.o.j.LocalContainerEntityManagerFactoryBean - Closing JPA EntityManagerFactory for persistence unit 'default'
2026-09-04 14:17:11.005 INFO  [restartedMain] com.zaxxer.hikari.HikariDataSource - HikariPool-13 - Shutdown initiated...
2026-09-04 14:17:11.029 INFO  [restartedMain] com.zaxxer.hikari.HikariDataSource - HikariPool-13 - Shutdown completed.
2026-09-04 14:17:11.030 INFO  [restartedMain] o.apache.catalina.core.StandardService - Stopping service [Tomcat]
2026-09-04 14:17:11.033 INFO  [restartedMain] o.s.b.a.l.ConditionEvaluationReportLogger - 

Error starting ApplicationContext. To display the condition evaluation report re-run your application with 'debug' enabled.
2026-09-04 14:17:11.034 ERROR [restartedMain] o.s.b.d.LoggingFailureAnalysisReporter - 

***************************
APPLICATION FAILED TO START
***************************

Description:

Parameter 0 of method jsonPlaceholderWebClient in com.bulton.api_student_management.config.WebClientConfig required a bean of type 'org.springframework.web.reactive.function.client.WebClient$Builder' that could not be found.


Action:

Consider defining a bean of type 'org.springframework.web.reactive.function.client.WebClient$Builder' in your configuration.

2026-09-04 14:17:46.834 INFO  [restartedMain] c.b.a.ApiStudentManagementApplication - Starting ApiStudentManagementApplication using Java 21.0.10 with PID 45653 (/Users/macbook/Downloads/api_student_management/target/classes started by macbook in /Users/macbook/Downloads/api_student_management)
2026-09-04 14:17:46.835 INFO  [restartedMain] c.b.a.ApiStudentManagementApplication - No active profile set, falling back to 1 default profile: "default"
2026-09-04 14:17:46.898 INFO  [restartedMain] o.s.d.r.c.RepositoryConfigurationDelegate - Bootstrapping Spring Data JPA repositories in DEFAULT mode.
2026-09-04 14:17:46.902 INFO  [restartedMain] o.s.d.r.c.RepositoryConfigurationDelegate - Finished Spring Data repository scanning in 3 ms. Found 2 JPA repository interfaces.
2026-09-04 14:17:46.941 INFO  [restartedMain] o.s.boot.tomcat.TomcatWebServer - Tomcat initialized with port 8080 (http)
2026-09-04 14:17:46.941 INFO  [restartedMain] o.apache.coyote.http11.Http11NioProtocol - Initializing ProtocolHandler ["http-nio-8080"]
2026-09-04 14:17:46.941 INFO  [restartedMain] o.apache.catalina.core.StandardService - Starting service [Tomcat]
2026-09-04 14:17:46.941 INFO  [restartedMain] org.apache.catalina.core.StandardEngine - Starting Servlet engine: [Apache Tomcat/11.0.24]
2026-09-04 14:17:46.946 INFO  [restartedMain] o.s.b.w.c.s.WebApplicationContextInitializer - Root WebApplicationContext: initialization completed in 111 ms
2026-09-04 14:17:46.964 INFO  [restartedMain] org.hibernate.orm.jpa - HHH008540: Processing PersistenceUnitInfo [name: default]
2026-09-04 14:17:46.978 INFO  [restartedMain] o.s.o.j.p.SpringPersistenceUnitInfo - No LoadTimeWeaver setup: ignoring JPA class transformer
2026-09-04 14:17:46.978 INFO  [restartedMain] com.zaxxer.hikari.HikariDataSource - HikariPool-14 - Starting...
2026-09-04 14:17:46.987 INFO  [restartedMain] com.zaxxer.hikari.pool.HikariPool - HikariPool-14 - Added connection org.postgresql.jdbc.PgConnection@1be3d7a5
2026-09-04 14:17:46.988 INFO  [restartedMain] com.zaxxer.hikari.HikariDataSource - HikariPool-14 - Start completed.
2026-09-04 14:17:46.998 INFO  [restartedMain] org.hibernate.orm.connections.pooling - HHH10001005: Database info:
	Database JDBC URL [jdbc:postgresql://localhost:5432/student_management]
	Database driver: PostgreSQL JDBC Driver
	Database dialect: PostgreSQLDialect
	Database version: 18.6
	Default catalog/schema: student_management/public
	Autocommit mode: undefined/unknown
	Isolation level: READ_COMMITTED [default READ_COMMITTED]
	JDBC fetch size: none
	Pool: DataSourceConnectionProvider
	Minimum pool size: undefined/unknown
	Maximum pool size: undefined/unknown
2026-09-04 14:17:47.032 INFO  [restartedMain] org.hibernate.orm.core - HHH000489: No JTA platform available (set 'hibernate.transaction.jta.platform' to enable JTA platform integration)
2026-09-04 14:17:47.059 WARN  [restartedMain] org.hibernate.orm.jdbc.warn - HHH000247: ErrorCode: 0, SQLState: 00000
2026-09-04 14:17:47.059 WARN  [restartedMain] org.hibernate.orm.jdbc.warn - constraint "uk_students_student_name" of relation "students" does not exist, skipping
2026-09-04 14:17:47.060 INFO  [restartedMain] o.s.o.j.LocalContainerEntityManagerFactoryBean - Initialized JPA EntityManagerFactory for persistence unit 'default'
2026-09-04 14:17:47.094 INFO  [restartedMain] o.s.s.c.a.a.c.InitializeUserDetailsBeanManagerConfigurer$InitializeUserDetailsManagerConfigurer - Global AuthenticationManager configured with UserDetailsService bean with name userDetailsService
2026-09-04 14:17:47.099 WARN  [restartedMain] o.s.b.w.s.s.c.AnnotationConfigServletWebServerApplicationContext - Exception encountered during context initialization - cancelling refresh attempt: org.springframework.beans.factory.UnsatisfiedDependencyException: Error creating bean with name 'externalPostController' defined in file [/Users/macbook/Downloads/api_student_management/target/classes/com/bulton/api_student_management/controller/ExternalPostController.class]: Unsatisfied dependency expressed through constructor parameter 0: Error creating bean with name 'externalPostServiceImpl' defined in file [/Users/macbook/Downloads/api_student_management/target/classes/com/bulton/api_student_management/service/impl/ExternalPostServiceImpl.class]: Unsatisfied dependency expressed through constructor parameter 0: Error creating bean with name 'jsonPlaceholderWebClient' defined in class path resource [com/bulton/api_student_management/config/WebClientConfig.class]: Unsatisfied dependency expressed through method 'jsonPlaceholderWebClient' parameter 0: No qualifying bean of type 'org.springframework.web.reactive.function.client.WebClient$Builder' available: expected at least 1 bean which qualifies as autowire candidate. Dependency annotations: {}
2026-09-04 14:17:47.099 INFO  [restartedMain] o.s.o.j.LocalContainerEntityManagerFactoryBean - Closing JPA EntityManagerFactory for persistence unit 'default'
2026-09-04 14:17:47.100 INFO  [restartedMain] com.zaxxer.hikari.HikariDataSource - HikariPool-14 - Shutdown initiated...
2026-09-04 14:17:47.127 INFO  [restartedMain] com.zaxxer.hikari.HikariDataSource - HikariPool-14 - Shutdown completed.
2026-09-04 14:17:47.127 INFO  [restartedMain] o.apache.catalina.core.StandardService - Stopping service [Tomcat]
2026-09-04 14:17:47.129 INFO  [restartedMain] o.s.b.a.l.ConditionEvaluationReportLogger - 

Error starting ApplicationContext. To display the condition evaluation report re-run your application with 'debug' enabled.
2026-09-04 14:17:47.131 ERROR [restartedMain] o.s.b.d.LoggingFailureAnalysisReporter - 

***************************
APPLICATION FAILED TO START
***************************

Description:

Parameter 0 of method jsonPlaceholderWebClient in com.bulton.api_student_management.config.WebClientConfig required a bean of type 'org.springframework.web.reactive.function.client.WebClient$Builder' that could not be found.


Action:

Consider defining a bean of type 'org.springframework.web.reactive.function.client.WebClient$Builder' in your configuration.

2026-09-04 14:17:48.563 INFO  [restartedMain] c.b.a.ApiStudentManagementApplication - Starting ApiStudentManagementApplication using Java 21.0.10 with PID 45653 (/Users/macbook/Downloads/api_student_management/target/classes started by macbook in /Users/macbook/Downloads/api_student_management)
2026-09-04 14:17:48.563 INFO  [restartedMain] c.b.a.ApiStudentManagementApplication - No active profile set, falling back to 1 default profile: "default"
2026-09-04 14:17:48.630 INFO  [restartedMain] o.s.d.r.c.RepositoryConfigurationDelegate - Bootstrapping Spring Data JPA repositories in DEFAULT mode.
2026-09-04 14:17:48.634 INFO  [restartedMain] o.s.d.r.c.RepositoryConfigurationDelegate - Finished Spring Data repository scanning in 3 ms. Found 2 JPA repository interfaces.
2026-09-04 14:17:48.689 INFO  [restartedMain] o.s.boot.tomcat.TomcatWebServer - Tomcat initialized with port 8080 (http)
2026-09-04 14:17:48.690 INFO  [restartedMain] o.apache.coyote.http11.Http11NioProtocol - Initializing ProtocolHandler ["http-nio-8080"]
2026-09-04 14:17:48.690 INFO  [restartedMain] o.apache.catalina.core.StandardService - Starting service [Tomcat]
2026-09-04 14:17:48.690 INFO  [restartedMain] org.apache.catalina.core.StandardEngine - Starting Servlet engine: [Apache Tomcat/11.0.24]
2026-09-04 14:17:48.696 INFO  [restartedMain] o.s.b.w.c.s.WebApplicationContextInitializer - Root WebApplicationContext: initialization completed in 132 ms
2026-09-04 14:17:48.716 INFO  [restartedMain] org.hibernate.orm.jpa - HHH008540: Processing PersistenceUnitInfo [name: default]
2026-09-04 14:17:48.724 INFO  [restartedMain] o.s.o.j.p.SpringPersistenceUnitInfo - No LoadTimeWeaver setup: ignoring JPA class transformer
2026-09-04 14:17:48.725 INFO  [restartedMain] com.zaxxer.hikari.HikariDataSource - HikariPool-15 - Starting...
2026-09-04 14:17:48.730 INFO  [restartedMain] com.zaxxer.hikari.pool.HikariPool - HikariPool-15 - Added connection org.postgresql.jdbc.PgConnection@4fdc20d0
2026-09-04 14:17:48.730 INFO  [restartedMain] com.zaxxer.hikari.HikariDataSource - HikariPool-15 - Start completed.
2026-09-04 14:17:48.736 INFO  [restartedMain] org.hibernate.orm.connections.pooling - HHH10001005: Database info:
	Database JDBC URL [jdbc:postgresql://localhost:5432/student_management]
	Database driver: PostgreSQL JDBC Driver
	Database dialect: PostgreSQLDialect
	Database version: 18.6
	Default catalog/schema: student_management/public
	Autocommit mode: undefined/unknown
	Isolation level: READ_COMMITTED [default READ_COMMITTED]
	JDBC fetch size: none
	Pool: DataSourceConnectionProvider
	Minimum pool size: undefined/unknown
	Maximum pool size: undefined/unknown
2026-09-04 14:17:48.759 INFO  [restartedMain] org.hibernate.orm.core - HHH000489: No JTA platform available (set 'hibernate.transaction.jta.platform' to enable JTA platform integration)
2026-09-04 14:17:48.786 WARN  [restartedMain] org.hibernate.orm.jdbc.warn - HHH000247: ErrorCode: 0, SQLState: 00000
2026-09-04 14:17:48.786 WARN  [restartedMain] org.hibernate.orm.jdbc.warn - constraint "uk_students_student_name" of relation "students" does not exist, skipping
2026-09-04 14:17:48.786 INFO  [restartedMain] o.s.o.j.LocalContainerEntityManagerFactoryBean - Initialized JPA EntityManagerFactory for persistence unit 'default'
2026-09-04 14:17:48.814 INFO  [restartedMain] o.s.s.c.a.a.c.InitializeUserDetailsBeanManagerConfigurer$InitializeUserDetailsManagerConfigurer - Global AuthenticationManager configured with UserDetailsService bean with name userDetailsService
2026-09-04 14:17:48.818 WARN  [restartedMain] o.s.b.w.s.s.c.AnnotationConfigServletWebServerApplicationContext - Exception encountered during context initialization - cancelling refresh attempt: org.springframework.beans.factory.UnsatisfiedDependencyException: Error creating bean with name 'externalPostController' defined in file [/Users/macbook/Downloads/api_student_management/target/classes/com/bulton/api_student_management/controller/ExternalPostController.class]: Unsatisfied dependency expressed through constructor parameter 0: Error creating bean with name 'externalPostServiceImpl' defined in file [/Users/macbook/Downloads/api_student_management/target/classes/com/bulton/api_student_management/service/impl/ExternalPostServiceImpl.class]: Unsatisfied dependency expressed through constructor parameter 0: Error creating bean with name 'jsonPlaceholderWebClient' defined in class path resource [com/bulton/api_student_management/config/WebClientConfig.class]: Unsatisfied dependency expressed through method 'jsonPlaceholderWebClient' parameter 0: No qualifying bean of type 'org.springframework.web.reactive.function.client.WebClient$Builder' available: expected at least 1 bean which qualifies as autowire candidate. Dependency annotations: {}
2026-09-04 14:17:48.818 INFO  [restartedMain] o.s.o.j.LocalContainerEntityManagerFactoryBean - Closing JPA EntityManagerFactory for persistence unit 'default'
2026-09-04 14:17:48.818 INFO  [restartedMain] com.zaxxer.hikari.HikariDataSource - HikariPool-15 - Shutdown initiated...
2026-09-04 14:17:48.818 INFO  [restartedMain] com.zaxxer.hikari.HikariDataSource - HikariPool-15 - Shutdown completed.
2026-09-04 14:17:48.818 INFO  [restartedMain] o.apache.catalina.core.StandardService - Stopping service [Tomcat]
2026-09-04 14:17:48.820 INFO  [restartedMain] o.s.b.a.l.ConditionEvaluationReportLogger - 

Error starting ApplicationContext. To display the condition evaluation report re-run your application with 'debug' enabled.
2026-09-04 14:17:48.822 ERROR [restartedMain] o.s.b.d.LoggingFailureAnalysisReporter - 

***************************
APPLICATION FAILED TO START
***************************

Description:

Parameter 0 of method jsonPlaceholderWebClient in com.bulton.api_student_management.config.WebClientConfig required a bean of type 'org.springframework.web.reactive.function.client.WebClient$Builder' that could not be found.


Action:

Consider defining a bean of type 'org.springframework.web.reactive.function.client.WebClient$Builder' in your configuration.

2026-09-04 14:18:12.491 INFO  [restartedMain] c.b.a.ApiStudentManagementApplication - Starting ApiStudentManagementApplication using Java 21.0.10 with PID 45653 (/Users/macbook/Downloads/api_student_management/target/classes started by macbook in /Users/macbook/Downloads/api_student_management)
2026-09-04 14:18:12.491 INFO  [restartedMain] c.b.a.ApiStudentManagementApplication - No active profile set, falling back to 1 default profile: "default"
2026-09-04 14:18:12.564 INFO  [restartedMain] o.s.d.r.c.RepositoryConfigurationDelegate - Bootstrapping Spring Data JPA repositories in DEFAULT mode.
2026-09-04 14:18:12.567 INFO  [restartedMain] o.s.d.r.c.RepositoryConfigurationDelegate - Finished Spring Data repository scanning in 3 ms. Found 2 JPA repository interfaces.
2026-09-04 14:18:12.607 INFO  [restartedMain] o.s.boot.tomcat.TomcatWebServer - Tomcat initialized with port 8080 (http)
2026-09-04 14:18:12.607 INFO  [restartedMain] o.apache.coyote.http11.Http11NioProtocol - Initializing ProtocolHandler ["http-nio-8080"]
2026-09-04 14:18:12.607 INFO  [restartedMain] o.apache.catalina.core.StandardService - Starting service [Tomcat]
2026-09-04 14:18:12.607 INFO  [restartedMain] org.apache.catalina.core.StandardEngine - Starting Servlet engine: [Apache Tomcat/11.0.24]
2026-09-04 14:18:12.612 INFO  [restartedMain] o.s.b.w.c.s.WebApplicationContextInitializer - Root WebApplicationContext: initialization completed in 120 ms
2026-09-04 14:18:12.629 INFO  [restartedMain] org.hibernate.orm.jpa - HHH008540: Processing PersistenceUnitInfo [name: default]
2026-09-04 14:18:12.637 INFO  [restartedMain] o.s.o.j.p.SpringPersistenceUnitInfo - No LoadTimeWeaver setup: ignoring JPA class transformer
2026-09-04 14:18:12.637 INFO  [restartedMain] com.zaxxer.hikari.HikariDataSource - HikariPool-16 - Starting...
2026-09-04 14:18:12.641 INFO  [restartedMain] com.zaxxer.hikari.pool.HikariPool - HikariPool-16 - Added connection org.postgresql.jdbc.PgConnection@66310d89
2026-09-04 14:18:12.641 INFO  [restartedMain] com.zaxxer.hikari.HikariDataSource - HikariPool-16 - Start completed.
2026-09-04 14:18:12.647 INFO  [restartedMain] org.hibernate.orm.connections.pooling - HHH10001005: Database info:
	Database JDBC URL [jdbc:postgresql://localhost:5432/student_management]
	Database driver: PostgreSQL JDBC Driver
	Database dialect: PostgreSQLDialect
	Database version: 18.6
	Default catalog/schema: student_management/public
	Autocommit mode: undefined/unknown
	Isolation level: READ_COMMITTED [default READ_COMMITTED]
	JDBC fetch size: none
	Pool: DataSourceConnectionProvider
	Minimum pool size: undefined/unknown
	Maximum pool size: undefined/unknown
2026-09-04 14:18:12.669 INFO  [restartedMain] org.hibernate.orm.core - HHH000489: No JTA platform available (set 'hibernate.transaction.jta.platform' to enable JTA platform integration)
2026-09-04 14:18:12.693 WARN  [restartedMain] org.hibernate.orm.jdbc.warn - HHH000247: ErrorCode: 0, SQLState: 00000
2026-09-04 14:18:12.693 WARN  [restartedMain] org.hibernate.orm.jdbc.warn - constraint "uk_students_student_name" of relation "students" does not exist, skipping
2026-09-04 14:18:12.694 INFO  [restartedMain] o.s.o.j.LocalContainerEntityManagerFactoryBean - Initialized JPA EntityManagerFactory for persistence unit 'default'
2026-09-04 14:18:12.720 INFO  [restartedMain] o.s.s.c.a.a.c.InitializeUserDetailsBeanManagerConfigurer$InitializeUserDetailsManagerConfigurer - Global AuthenticationManager configured with UserDetailsService bean with name userDetailsService
2026-09-04 14:18:12.723 WARN  [restartedMain] o.s.b.w.s.s.c.AnnotationConfigServletWebServerApplicationContext - Exception encountered during context initialization - cancelling refresh attempt: org.springframework.beans.factory.UnsatisfiedDependencyException: Error creating bean with name 'externalPostController' defined in file [/Users/macbook/Downloads/api_student_management/target/classes/com/bulton/api_student_management/controller/ExternalPostController.class]: Unsatisfied dependency expressed through constructor parameter 0: Error creating bean with name 'externalPostServiceImpl' defined in file [/Users/macbook/Downloads/api_student_management/target/classes/com/bulton/api_student_management/service/impl/ExternalPostServiceImpl.class]: Unsatisfied dependency expressed through constructor parameter 0: Error creating bean with name 'jsonPlaceholderWebClient' defined in class path resource [com/bulton/api_student_management/config/WebClientConfig.class]: Unsatisfied dependency expressed through method 'jsonPlaceholderWebClient' parameter 0: No qualifying bean of type 'org.springframework.web.reactive.function.client.WebClient$Builder' available: expected at least 1 bean which qualifies as autowire candidate. Dependency annotations: {}
2026-09-04 14:18:12.723 INFO  [restartedMain] o.s.o.j.LocalContainerEntityManagerFactoryBean - Closing JPA EntityManagerFactory for persistence unit 'default'
2026-09-04 14:18:12.723 INFO  [restartedMain] com.zaxxer.hikari.HikariDataSource - HikariPool-16 - Shutdown initiated...
2026-09-04 14:18:12.724 INFO  [restartedMain] com.zaxxer.hikari.HikariDataSource - HikariPool-16 - Shutdown completed.
2026-09-04 14:18:12.724 INFO  [restartedMain] o.apache.catalina.core.StandardService - Stopping service [Tomcat]
2026-09-04 14:18:12.726 INFO  [restartedMain] o.s.b.a.l.ConditionEvaluationReportLogger - 

Error starting ApplicationContext. To display the condition evaluation report re-run your application with 'debug' enabled.
2026-09-04 14:18:12.728 ERROR [restartedMain] o.s.b.d.LoggingFailureAnalysisReporter - 

***************************
APPLICATION FAILED TO START
***************************

Description:

Parameter 0 of method jsonPlaceholderWebClient in com.bulton.api_student_management.config.WebClientConfig required a bean of type 'org.springframework.web.reactive.function.client.WebClient$Builder' that could not be found.


Action:

Consider defining a bean of type 'org.springframework.web.reactive.function.client.WebClient$Builder' in your configuration.

2026-09-04 14:18:20.212 INFO  [restartedMain] c.b.a.ApiStudentManagementApplication - Starting ApiStudentManagementApplication using Java 21.0.10 with PID 45653 (/Users/macbook/Downloads/api_student_management/target/classes started by macbook in /Users/macbook/Downloads/api_student_management)
2026-09-04 14:18:20.212 INFO  [restartedMain] c.b.a.ApiStudentManagementApplication - No active profile set, falling back to 1 default profile: "default"
2026-09-04 14:18:20.297 INFO  [restartedMain] o.s.d.r.c.RepositoryConfigurationDelegate - Bootstrapping Spring Data JPA repositories in DEFAULT mode.
2026-09-04 14:18:20.301 INFO  [restartedMain] o.s.d.r.c.RepositoryConfigurationDelegate - Finished Spring Data repository scanning in 3 ms. Found 2 JPA repository interfaces.
2026-09-04 14:18:20.341 INFO  [restartedMain] o.s.boot.tomcat.TomcatWebServer - Tomcat initialized with port 8080 (http)
2026-09-04 14:18:20.341 INFO  [restartedMain] o.apache.coyote.http11.Http11NioProtocol - Initializing ProtocolHandler ["http-nio-8080"]
2026-09-04 14:18:20.341 INFO  [restartedMain] o.apache.catalina.core.StandardService - Starting service [Tomcat]
2026-09-04 14:18:20.341 INFO  [restartedMain] org.apache.catalina.core.StandardEngine - Starting Servlet engine: [Apache Tomcat/11.0.24]
2026-09-04 14:18:20.349 INFO  [restartedMain] o.s.b.w.c.s.WebApplicationContextInitializer - Root WebApplicationContext: initialization completed in 136 ms
2026-09-04 14:18:20.366 INFO  [restartedMain] org.hibernate.orm.jpa - HHH008540: Processing PersistenceUnitInfo [name: default]
2026-09-04 14:18:20.374 INFO  [restartedMain] o.s.o.j.p.SpringPersistenceUnitInfo - No LoadTimeWeaver setup: ignoring JPA class transformer
2026-09-04 14:18:20.374 INFO  [restartedMain] com.zaxxer.hikari.HikariDataSource - HikariPool-17 - Starting...
2026-09-04 14:18:20.381 INFO  [restartedMain] com.zaxxer.hikari.pool.HikariPool - HikariPool-17 - Added connection org.postgresql.jdbc.PgConnection@3d81b750
2026-09-04 14:18:20.382 INFO  [restartedMain] com.zaxxer.hikari.HikariDataSource - HikariPool-17 - Start completed.
2026-09-04 14:18:20.389 INFO  [restartedMain] org.hibernate.orm.connections.pooling - HHH10001005: Database info:
	Database JDBC URL [jdbc:postgresql://localhost:5432/student_management]
	Database driver: PostgreSQL JDBC Driver
	Database dialect: PostgreSQLDialect
	Database version: 18.6
	Default catalog/schema: student_management/public
	Autocommit mode: undefined/unknown
	Isolation level: READ_COMMITTED [default READ_COMMITTED]
	JDBC fetch size: none
	Pool: DataSourceConnectionProvider
	Minimum pool size: undefined/unknown
	Maximum pool size: undefined/unknown
2026-09-04 14:18:20.413 INFO  [restartedMain] org.hibernate.orm.core - HHH000489: No JTA platform available (set 'hibernate.transaction.jta.platform' to enable JTA platform integration)
2026-09-04 14:18:20.439 WARN  [restartedMain] org.hibernate.orm.jdbc.warn - HHH000247: ErrorCode: 0, SQLState: 00000
2026-09-04 14:18:20.439 WARN  [restartedMain] org.hibernate.orm.jdbc.warn - constraint "uk_students_student_name" of relation "students" does not exist, skipping
2026-09-04 14:18:20.439 INFO  [restartedMain] o.s.o.j.LocalContainerEntityManagerFactoryBean - Initialized JPA EntityManagerFactory for persistence unit 'default'
2026-09-04 14:18:20.465 INFO  [restartedMain] o.s.s.c.a.a.c.InitializeUserDetailsBeanManagerConfigurer$InitializeUserDetailsManagerConfigurer - Global AuthenticationManager configured with UserDetailsService bean with name userDetailsService
2026-09-04 14:18:20.468 WARN  [restartedMain] o.s.b.w.s.s.c.AnnotationConfigServletWebServerApplicationContext - Exception encountered during context initialization - cancelling refresh attempt: org.springframework.beans.factory.UnsatisfiedDependencyException: Error creating bean with name 'externalPostController' defined in file [/Users/macbook/Downloads/api_student_management/target/classes/com/bulton/api_student_management/controller/ExternalPostController.class]: Unsatisfied dependency expressed through constructor parameter 0: Error creating bean with name 'externalPostServiceImpl' defined in file [/Users/macbook/Downloads/api_student_management/target/classes/com/bulton/api_student_management/service/impl/ExternalPostServiceImpl.class]: Unsatisfied dependency expressed through constructor parameter 0: Error creating bean with name 'jsonPlaceholderWebClient' defined in class path resource [com/bulton/api_student_management/config/WebClientConfig.class]: Unsatisfied dependency expressed through method 'jsonPlaceholderWebClient' parameter 0: No qualifying bean of type 'org.springframework.web.reactive.function.client.WebClient$Builder' available: expected at least 1 bean which qualifies as autowire candidate. Dependency annotations: {}
2026-09-04 14:18:20.468 INFO  [restartedMain] o.s.o.j.LocalContainerEntityManagerFactoryBean - Closing JPA EntityManagerFactory for persistence unit 'default'
2026-09-04 14:18:20.469 INFO  [restartedMain] com.zaxxer.hikari.HikariDataSource - HikariPool-17 - Shutdown initiated...
2026-09-04 14:18:20.469 INFO  [restartedMain] com.zaxxer.hikari.HikariDataSource - HikariPool-17 - Shutdown completed.
2026-09-04 14:18:20.469 INFO  [restartedMain] o.apache.catalina.core.StandardService - Stopping service [Tomcat]
2026-09-04 14:18:20.471 INFO  [restartedMain] o.s.b.a.l.ConditionEvaluationReportLogger - 

Error starting ApplicationContext. To display the condition evaluation report re-run your application with 'debug' enabled.
2026-09-04 14:18:20.473 ERROR [restartedMain] o.s.b.d.LoggingFailureAnalysisReporter - 

***************************
APPLICATION FAILED TO START
***************************

Description:

Parameter 0 of method jsonPlaceholderWebClient in com.bulton.api_student_management.config.WebClientConfig required a bean of type 'org.springframework.web.reactive.function.client.WebClient$Builder' that could not be found.


Action:

Consider defining a bean of type 'org.springframework.web.reactive.function.client.WebClient$Builder' in your configuration.

2026-09-04 14:18:21.916 INFO  [restartedMain] c.b.a.ApiStudentManagementApplication - Starting ApiStudentManagementApplication using Java 21.0.10 with PID 45653 (/Users/macbook/Downloads/api_student_management/target/classes started by macbook in /Users/macbook/Downloads/api_student_management)
2026-09-04 14:18:21.916 INFO  [restartedMain] c.b.a.ApiStudentManagementApplication - No active profile set, falling back to 1 default profile: "default"
2026-09-04 14:18:21.991 INFO  [restartedMain] o.s.d.r.c.RepositoryConfigurationDelegate - Bootstrapping Spring Data JPA repositories in DEFAULT mode.
2026-09-04 14:18:21.995 INFO  [restartedMain] o.s.d.r.c.RepositoryConfigurationDelegate - Finished Spring Data repository scanning in 2 ms. Found 2 JPA repository interfaces.
2026-09-04 14:18:22.031 INFO  [restartedMain] o.s.boot.tomcat.TomcatWebServer - Tomcat initialized with port 8080 (http)
2026-09-04 14:18:22.032 INFO  [restartedMain] o.apache.coyote.http11.Http11NioProtocol - Initializing ProtocolHandler ["http-nio-8080"]
2026-09-04 14:18:22.032 INFO  [restartedMain] o.apache.catalina.core.StandardService - Starting service [Tomcat]
2026-09-04 14:18:22.032 INFO  [restartedMain] org.apache.catalina.core.StandardEngine - Starting Servlet engine: [Apache Tomcat/11.0.24]
2026-09-04 14:18:22.038 INFO  [restartedMain] o.s.b.w.c.s.WebApplicationContextInitializer - Root WebApplicationContext: initialization completed in 120 ms
2026-09-04 14:18:22.056 INFO  [restartedMain] org.hibernate.orm.jpa - HHH008540: Processing PersistenceUnitInfo [name: default]
2026-09-04 14:18:22.064 INFO  [restartedMain] o.s.o.j.p.SpringPersistenceUnitInfo - No LoadTimeWeaver setup: ignoring JPA class transformer
2026-09-04 14:18:22.064 INFO  [restartedMain] com.zaxxer.hikari.HikariDataSource - HikariPool-18 - Starting...
2026-09-04 14:18:22.069 INFO  [restartedMain] com.zaxxer.hikari.pool.HikariPool - HikariPool-18 - Added connection org.postgresql.jdbc.PgConnection@783b1b69
2026-09-04 14:18:22.069 INFO  [restartedMain] com.zaxxer.hikari.HikariDataSource - HikariPool-18 - Start completed.
2026-09-04 14:18:22.077 INFO  [restartedMain] org.hibernate.orm.connections.pooling - HHH10001005: Database info:
	Database JDBC URL [jdbc:postgresql://localhost:5432/student_management]
	Database driver: PostgreSQL JDBC Driver
	Database dialect: PostgreSQLDialect
	Database version: 18.6
	Default catalog/schema: student_management/public
	Autocommit mode: undefined/unknown
	Isolation level: READ_COMMITTED [default READ_COMMITTED]
	JDBC fetch size: none
	Pool: DataSourceConnectionProvider
	Minimum pool size: undefined/unknown
	Maximum pool size: undefined/unknown
2026-09-04 14:18:22.100 INFO  [restartedMain] org.hibernate.orm.core - HHH000489: No JTA platform available (set 'hibernate.transaction.jta.platform' to enable JTA platform integration)
2026-09-04 14:18:22.121 WARN  [restartedMain] org.hibernate.orm.jdbc.warn - HHH000247: ErrorCode: 0, SQLState: 00000
2026-09-04 14:18:22.122 WARN  [restartedMain] org.hibernate.orm.jdbc.warn - constraint "uk_students_student_name" of relation "students" does not exist, skipping
2026-09-04 14:18:22.122 INFO  [restartedMain] o.s.o.j.LocalContainerEntityManagerFactoryBean - Initialized JPA EntityManagerFactory for persistence unit 'default'
2026-09-04 14:18:22.155 INFO  [restartedMain] o.s.s.c.a.a.c.InitializeUserDetailsBeanManagerConfigurer$InitializeUserDetailsManagerConfigurer - Global AuthenticationManager configured with UserDetailsService bean with name userDetailsService
2026-09-04 14:18:22.159 WARN  [restartedMain] o.s.b.w.s.s.c.AnnotationConfigServletWebServerApplicationContext - Exception encountered during context initialization - cancelling refresh attempt: org.springframework.beans.factory.UnsatisfiedDependencyException: Error creating bean with name 'externalPostController' defined in file [/Users/macbook/Downloads/api_student_management/target/classes/com/bulton/api_student_management/controller/ExternalPostController.class]: Unsatisfied dependency expressed through constructor parameter 0: Error creating bean with name 'externalPostServiceImpl' defined in file [/Users/macbook/Downloads/api_student_management/target/classes/com/bulton/api_student_management/service/impl/ExternalPostServiceImpl.class]: Unsatisfied dependency expressed through constructor parameter 0: Error creating bean with name 'jsonPlaceholderWebClient' defined in class path resource [com/bulton/api_student_management/config/WebClientConfig.class]: Unsatisfied dependency expressed through method 'jsonPlaceholderWebClient' parameter 0: No qualifying bean of type 'org.springframework.web.reactive.function.client.WebClient$Builder' available: expected at least 1 bean which qualifies as autowire candidate. Dependency annotations: {}
2026-09-04 14:18:22.160 INFO  [restartedMain] o.s.o.j.LocalContainerEntityManagerFactoryBean - Closing JPA EntityManagerFactory for persistence unit 'default'
2026-09-04 14:18:22.160 INFO  [restartedMain] com.zaxxer.hikari.HikariDataSource - HikariPool-18 - Shutdown initiated...
2026-09-04 14:18:22.160 INFO  [restartedMain] com.zaxxer.hikari.HikariDataSource - HikariPool-18 - Shutdown completed.
2026-09-04 14:18:22.161 INFO  [restartedMain] o.apache.catalina.core.StandardService - Stopping service [Tomcat]
2026-09-04 14:18:22.163 INFO  [restartedMain] o.s.b.a.l.ConditionEvaluationReportLogger - 

Error starting ApplicationContext. To display the condition evaluation report re-run your application with 'debug' enabled.
2026-09-04 14:18:22.164 ERROR [restartedMain] o.s.b.d.LoggingFailureAnalysisReporter - 

***************************
APPLICATION FAILED TO START
***************************

Description:

Parameter 0 of method jsonPlaceholderWebClient in com.bulton.api_student_management.config.WebClientConfig required a bean of type 'org.springframework.web.reactive.function.client.WebClient$Builder' that could not be found.


Action:

Consider defining a bean of type 'org.springframework.web.reactive.function.client.WebClient$Builder' in your configuration.

2026-09-04 14:18:39.576 INFO  [background-preinit] o.h.validator.internal.util.Version - HV000001: Hibernate Validator 9.1.3.Final
2026-09-04 14:18:39.599 INFO  [restartedMain] c.b.a.ApiStudentManagementApplication - Starting ApiStudentManagementApplication using Java 21.0.10 with PID 46799 (/Users/macbook/Downloads/api_student_management/target/classes started by macbook in /Users/macbook/Downloads/api_student_management)
2026-09-04 14:18:39.599 INFO  [restartedMain] c.b.a.ApiStudentManagementApplication - No active profile set, falling back to 1 default profile: "default"
2026-09-04 14:18:39.619 INFO  [restartedMain] o.s.b.d.e.DevToolsPropertyDefaultsPostProcessor - Devtools property defaults active! Set 'spring.devtools.add-properties' to 'false' to disable
2026-09-04 14:18:39.619 INFO  [restartedMain] o.s.b.d.e.DevToolsPropertyDefaultsPostProcessor - For additional web related logging consider setting the 'logging.level.web' property to 'DEBUG'
2026-09-04 14:18:39.917 INFO  [restartedMain] o.s.d.r.c.RepositoryConfigurationDelegate - Bootstrapping Spring Data JPA repositories in DEFAULT mode.
2026-09-04 14:18:39.984 INFO  [restartedMain] o.s.d.r.c.RepositoryConfigurationDelegate - Finished Spring Data repository scanning in 63 ms. Found 2 JPA repository interfaces.
2026-09-04 14:18:40.238 INFO  [restartedMain] o.s.boot.tomcat.TomcatWebServer - Tomcat initialized with port 8080 (http)
2026-09-04 14:18:40.244 INFO  [restartedMain] o.apache.coyote.http11.Http11NioProtocol - Initializing ProtocolHandler ["http-nio-8080"]
2026-09-04 14:18:40.245 INFO  [restartedMain] o.apache.catalina.core.StandardService - Starting service [Tomcat]
2026-09-04 14:18:40.246 INFO  [restartedMain] org.apache.catalina.core.StandardEngine - Starting Servlet engine: [Apache Tomcat/11.0.24]
2026-09-04 14:18:40.263 INFO  [restartedMain] o.s.b.w.c.s.WebApplicationContextInitializer - Root WebApplicationContext: initialization completed in 644 ms
2026-09-04 14:18:40.351 INFO  [restartedMain] org.hibernate.orm.jpa - HHH008540: Processing PersistenceUnitInfo [name: default]
2026-09-04 14:18:40.371 INFO  [restartedMain] org.hibernate.orm.core - HHH000001: Hibernate ORM core version 7.4.5.Final
2026-09-04 14:18:40.544 INFO  [restartedMain] o.s.o.j.p.SpringPersistenceUnitInfo - No LoadTimeWeaver setup: ignoring JPA class transformer
2026-09-04 14:18:40.557 INFO  [restartedMain] com.zaxxer.hikari.HikariDataSource - HikariPool-1 - Starting...
2026-09-04 14:18:40.616 INFO  [restartedMain] com.zaxxer.hikari.pool.HikariPool - HikariPool-1 - Added connection org.postgresql.jdbc.PgConnection@486796cb
2026-09-04 14:18:40.617 INFO  [restartedMain] com.zaxxer.hikari.HikariDataSource - HikariPool-1 - Start completed.
2026-09-04 14:18:40.652 INFO  [restartedMain] org.hibernate.orm.connections.pooling - HHH10001005: Database info:
	Database JDBC URL [jdbc:postgresql://localhost:5432/student_management]
	Database driver: PostgreSQL JDBC Driver
	Database dialect: PostgreSQLDialect
	Database version: 18.6
	Default catalog/schema: student_management/public
	Autocommit mode: undefined/unknown
	Isolation level: READ_COMMITTED [default READ_COMMITTED]
	JDBC fetch size: none
	Pool: DataSourceConnectionProvider
	Minimum pool size: undefined/unknown
	Maximum pool size: undefined/unknown
2026-09-04 14:18:41.040 INFO  [restartedMain] org.hibernate.orm.core - HHH000489: No JTA platform available (set 'hibernate.transaction.jta.platform' to enable JTA platform integration)
2026-09-04 14:18:41.092 WARN  [restartedMain] org.hibernate.orm.jdbc.warn - HHH000247: ErrorCode: 0, SQLState: 00000
2026-09-04 14:18:41.092 WARN  [restartedMain] org.hibernate.orm.jdbc.warn - constraint "uk_students_student_name" of relation "students" does not exist, skipping
2026-09-04 14:18:41.095 INFO  [restartedMain] o.s.o.j.LocalContainerEntityManagerFactoryBean - Initialized JPA EntityManagerFactory for persistence unit 'default'
2026-09-04 14:18:41.137 INFO  [restartedMain] o.s.d.j.r.query.QueryEnhancerFactories - Hibernate is in classpath; If applicable, HQL parser will be used.
2026-09-04 14:18:41.217 INFO  [restartedMain] o.s.s.c.a.a.c.InitializeUserDetailsBeanManagerConfigurer$InitializeUserDetailsManagerConfigurer - Global AuthenticationManager configured with UserDetailsService bean with name userDetailsService
2026-09-04 14:18:41.242 WARN  [restartedMain] o.s.b.w.s.s.c.AnnotationConfigServletWebServerApplicationContext - Exception encountered during context initialization - cancelling refresh attempt: org.springframework.beans.factory.UnsatisfiedDependencyException: Error creating bean with name 'externalPostController' defined in file [/Users/macbook/Downloads/api_student_management/target/classes/com/bulton/api_student_management/controller/ExternalPostController.class]: Unsatisfied dependency expressed through constructor parameter 0: Error creating bean with name 'externalPostServiceImpl' defined in file [/Users/macbook/Downloads/api_student_management/target/classes/com/bulton/api_student_management/service/impl/ExternalPostServiceImpl.class]: Unsatisfied dependency expressed through constructor parameter 0: Error creating bean with name 'jsonPlaceholderWebClient' defined in class path resource [com/bulton/api_student_management/config/WebClientConfig.class]: Unsatisfied dependency expressed through method 'jsonPlaceholderWebClient' parameter 0: No qualifying bean of type 'org.springframework.web.reactive.function.client.WebClient$Builder' available: expected at least 1 bean which qualifies as autowire candidate. Dependency annotations: {}
2026-09-04 14:18:41.242 INFO  [restartedMain] o.s.o.j.LocalContainerEntityManagerFactoryBean - Closing JPA EntityManagerFactory for persistence unit 'default'
2026-09-04 14:18:41.244 INFO  [restartedMain] com.zaxxer.hikari.HikariDataSource - HikariPool-1 - Shutdown initiated...
2026-09-04 14:18:41.245 INFO  [restartedMain] com.zaxxer.hikari.HikariDataSource - HikariPool-1 - Shutdown completed.
2026-09-04 14:18:41.246 INFO  [restartedMain] o.apache.catalina.core.StandardService - Stopping service [Tomcat]
2026-09-04 14:18:41.252 INFO  [restartedMain] o.s.b.a.l.ConditionEvaluationReportLogger - 

Error starting ApplicationContext. To display the condition evaluation report re-run your application with 'debug' enabled.
2026-09-04 14:18:41.261 ERROR [restartedMain] o.s.b.d.LoggingFailureAnalysisReporter - 

***************************
APPLICATION FAILED TO START
***************************

Description:

Parameter 0 of method jsonPlaceholderWebClient in com.bulton.api_student_management.config.WebClientConfig required a bean of type 'org.springframework.web.reactive.function.client.WebClient$Builder' that could not be found.


Action:

Consider defining a bean of type 'org.springframework.web.reactive.function.client.WebClient$Builder' in your configuration.

2026-09-04 14:20:35.529 INFO  [background-preinit] o.h.validator.internal.util.Version - HV000001: Hibernate Validator 9.1.3.Final
2026-09-04 14:20:35.553 INFO  [restartedMain] c.b.a.ApiStudentManagementApplication - Starting ApiStudentManagementApplication using Java 21.0.10 with PID 47099 (/Users/macbook/Downloads/api_student_management/target/classes started by macbook in /Users/macbook/Downloads/api_student_management)
2026-09-04 14:20:35.553 INFO  [restartedMain] c.b.a.ApiStudentManagementApplication - No active profile set, falling back to 1 default profile: "default"
2026-09-04 14:20:35.572 INFO  [restartedMain] o.s.b.d.e.DevToolsPropertyDefaultsPostProcessor - Devtools property defaults active! Set 'spring.devtools.add-properties' to 'false' to disable
2026-09-04 14:20:35.572 INFO  [restartedMain] o.s.b.d.e.DevToolsPropertyDefaultsPostProcessor - For additional web related logging consider setting the 'logging.level.web' property to 'DEBUG'
2026-09-04 14:20:35.866 INFO  [restartedMain] o.s.d.r.c.RepositoryConfigurationDelegate - Bootstrapping Spring Data JPA repositories in DEFAULT mode.
2026-09-04 14:20:35.933 INFO  [restartedMain] o.s.d.r.c.RepositoryConfigurationDelegate - Finished Spring Data repository scanning in 63 ms. Found 2 JPA repository interfaces.
2026-09-04 14:20:36.178 INFO  [restartedMain] o.s.boot.tomcat.TomcatWebServer - Tomcat initialized with port 8080 (http)
2026-09-04 14:20:36.185 INFO  [restartedMain] o.apache.coyote.http11.Http11NioProtocol - Initializing ProtocolHandler ["http-nio-8080"]
2026-09-04 14:20:36.186 INFO  [restartedMain] o.apache.catalina.core.StandardService - Starting service [Tomcat]
2026-09-04 14:20:36.186 INFO  [restartedMain] org.apache.catalina.core.StandardEngine - Starting Servlet engine: [Apache Tomcat/11.0.24]
2026-09-04 14:20:36.205 INFO  [restartedMain] o.s.b.w.c.s.WebApplicationContextInitializer - Root WebApplicationContext: initialization completed in 632 ms
2026-09-04 14:20:36.291 INFO  [restartedMain] org.hibernate.orm.jpa - HHH008540: Processing PersistenceUnitInfo [name: default]
2026-09-04 14:20:36.312 INFO  [restartedMain] org.hibernate.orm.core - HHH000001: Hibernate ORM core version 7.4.5.Final
2026-09-04 14:20:36.487 INFO  [restartedMain] o.s.o.j.p.SpringPersistenceUnitInfo - No LoadTimeWeaver setup: ignoring JPA class transformer
2026-09-04 14:20:36.501 INFO  [restartedMain] com.zaxxer.hikari.HikariDataSource - HikariPool-1 - Starting...
2026-09-04 14:20:36.561 INFO  [restartedMain] com.zaxxer.hikari.pool.HikariPool - HikariPool-1 - Added connection org.postgresql.jdbc.PgConnection@5490e036
2026-09-04 14:20:36.561 INFO  [restartedMain] com.zaxxer.hikari.HikariDataSource - HikariPool-1 - Start completed.
2026-09-04 14:20:36.597 INFO  [restartedMain] org.hibernate.orm.connections.pooling - HHH10001005: Database info:
	Database JDBC URL [jdbc:postgresql://localhost:5432/student_management]
	Database driver: PostgreSQL JDBC Driver
	Database dialect: PostgreSQLDialect
	Database version: 18.6
	Default catalog/schema: student_management/public
	Autocommit mode: undefined/unknown
	Isolation level: READ_COMMITTED [default READ_COMMITTED]
	JDBC fetch size: none
	Pool: DataSourceConnectionProvider
	Minimum pool size: undefined/unknown
	Maximum pool size: undefined/unknown
2026-09-04 14:20:36.982 INFO  [restartedMain] org.hibernate.orm.core - HHH000489: No JTA platform available (set 'hibernate.transaction.jta.platform' to enable JTA platform integration)
2026-09-04 14:20:37.032 WARN  [restartedMain] org.hibernate.orm.jdbc.warn - HHH000247: ErrorCode: 0, SQLState: 00000
2026-09-04 14:20:37.032 WARN  [restartedMain] org.hibernate.orm.jdbc.warn - constraint "uk_students_student_name" of relation "students" does not exist, skipping
2026-09-04 14:20:37.034 INFO  [restartedMain] o.s.o.j.LocalContainerEntityManagerFactoryBean - Initialized JPA EntityManagerFactory for persistence unit 'default'
2026-09-04 14:20:37.075 INFO  [restartedMain] o.s.d.j.r.query.QueryEnhancerFactories - Hibernate is in classpath; If applicable, HQL parser will be used.
2026-09-04 14:20:37.155 INFO  [restartedMain] o.s.s.c.a.a.c.InitializeUserDetailsBeanManagerConfigurer$InitializeUserDetailsManagerConfigurer - Global AuthenticationManager configured with UserDetailsService bean with name userDetailsService
2026-09-04 14:20:37.517 INFO  [restartedMain] o.apache.coyote.http11.Http11NioProtocol - Starting ProtocolHandler ["http-nio-8080"]
2026-09-04 14:20:37.524 INFO  [restartedMain] o.s.boot.tomcat.TomcatWebServer - Tomcat started on port 8080 (http) with context path '/'
2026-09-04 14:20:37.528 INFO  [restartedMain] c.b.a.ApiStudentManagementApplication - Started ApiStudentManagementApplication in 2.175 seconds (process running for 2.361)
2026-09-04 14:21:53.415 INFO  [http-nio-8080-exec-1] o.a.c.c.C.[Tomcat].[localhost].[/] - Initializing Spring DispatcherServlet 'dispatcherServlet'
2026-09-04 14:21:53.415 INFO  [http-nio-8080-exec-1] o.s.web.servlet.DispatcherServlet - Initializing Servlet 'dispatcherServlet'
2026-09-04 14:21:53.417 INFO  [http-nio-8080-exec-1] o.s.web.servlet.DispatcherServlet - Completed initialization in 1 ms
2026-09-04 14:21:53.468 ERROR [http-nio-8080-exec-1] c.b.a.exception.GlobalExceptionHandler - Unexpected server error
org.springframework.web.servlet.resource.NoResourceFoundException: No static resource api/external/post/1 for request '/api/external/post/1'.
	at org.springframework.web.servlet.resource.ResourceHttpRequestHandler.handleRequest(ResourceHttpRequestHandler.java:527)
	at org.springframework.web.servlet.mvc.HttpRequestHandlerAdapter.handle(HttpRequestHandlerAdapter.java:50)
	at org.springframework.web.servlet.DispatcherServlet.doDispatch(DispatcherServlet.java:963)
	at org.springframework.web.servlet.DispatcherServlet.doService(DispatcherServlet.java:866)
	at org.springframework.web.servlet.FrameworkServlet.processRequest(FrameworkServlet.java:1000)
	at org.springframework.web.servlet.FrameworkServlet.doGet(FrameworkServlet.java:892)
	at jakarta.servlet.http.HttpServlet.service(HttpServlet.java:622)
	at org.springframework.web.servlet.FrameworkServlet.service(FrameworkServlet.java:874)
	at jakarta.servlet.http.HttpServlet.service(HttpServlet.java:710)
	at org.apache.catalina.core.ApplicationFilterChain.doFilter(ApplicationFilterChain.java:132)
	at org.apache.tomcat.websocket.server.WsFilter.doFilter(WsFilter.java:59)
	at org.apache.catalina.core.ApplicationFilterChain.doFilter(ApplicationFilterChain.java:111)
	at com.bulton.api_student_management.filter.ApiLoggingFilter.doFilterInternal(ApiLoggingFilter.java:38)
	at org.springframework.web.filter.OncePerRequestFilter.doFilter(OncePerRequestFilter.java:116)
	at org.apache.catalina.core.ApplicationFilterChain.doFilter(ApplicationFilterChain.java:111)
	at org.springframework.web.filter.CompositeFilter$VirtualFilterChain.doFilter(CompositeFilter.java:108)
	at org.springframework.security.web.FilterChainProxy.lambda$doFilterInternal$2(FilterChainProxy.java:235)
	at org.springframework.security.web.FilterChainProxy$VirtualFilterChain.doFilter(FilterChainProxy.java:376)
	at org.springframework.security.web.access.intercept.AuthorizationFilter.doFilter(AuthorizationFilter.java:101)
	at org.springframework.security.web.FilterChainProxy$VirtualFilterChain.doFilter(FilterChainProxy.java:385)
	at org.springframework.security.web.access.ExceptionTranslationFilter.doFilter(ExceptionTranslationFilter.java:126)
	at org.springframework.security.web.access.ExceptionTranslationFilter.doFilter(ExceptionTranslationFilter.java:120)
	at org.springframework.security.web.FilterChainProxy$VirtualFilterChain.doFilter(FilterChainProxy.java:385)
	at org.springframework.security.web.session.SessionManagementFilter.doFilter(SessionManagementFilter.java:132)
	at org.springframework.security.web.session.SessionManagementFilter.doFilter(SessionManagementFilter.java:86)
	at org.springframework.security.web.FilterChainProxy$VirtualFilterChain.doFilter(FilterChainProxy.java:385)
	at org.springframework.security.web.authentication.AnonymousAuthenticationFilter.doFilter(AnonymousAuthenticationFilter.java:100)
	at org.springframework.security.web.FilterChainProxy$VirtualFilterChain.doFilter(FilterChainProxy.java:385)
	at org.springframework.security.web.servletapi.SecurityContextHolderAwareRequestFilter.doFilter(SecurityContextHolderAwareRequestFilter.java:181)
	at org.springframework.security.web.FilterChainProxy$VirtualFilterChain.doFilter(FilterChainProxy.java:385)
	at org.springframework.security.web.savedrequest.RequestCacheAwareFilter.doFilter(RequestCacheAwareFilter.java:63)
	at org.springframework.security.web.FilterChainProxy$VirtualFilterChain.doFilter(FilterChainProxy.java:385)
	at org.springframework.security.oauth2.server.resource.web.authentication.BearerTokenAuthenticationFilter.doFilterInternal(BearerTokenAuthenticationFilter.java:207)
	at org.springframework.web.filter.OncePerRequestFilter.doFilter(OncePerRequestFilter.java:116)
	at org.springframework.security.web.FilterChainProxy$VirtualFilterChain.doFilter(FilterChainProxy.java:385)
	at org.springframework.security.oauth2.server.resource.web.OAuth2ProtectedResourceMetadataFilter.doFilterInternal(OAuth2ProtectedResourceMetadataFilter.java:98)
	at org.springframework.web.filter.OncePerRequestFilter.doFilter(OncePerRequestFilter.java:116)
	at org.springframework.security.web.FilterChainProxy$VirtualFilterChain.doFilter(FilterChainProxy.java:385)
	at org.springframework.security.web.authentication.logout.LogoutFilter.doFilter(LogoutFilter.java:110)
	at org.springframework.security.web.authentication.logout.LogoutFilter.doFilter(LogoutFilter.java:96)
	at org.springframework.security.web.FilterChainProxy$VirtualFilterChain.doFilter(FilterChainProxy.java:385)
	at org.springframework.security.web.header.HeaderWriterFilter.doHeadersAfter(HeaderWriterFilter.java:90)
	at org.springframework.security.web.header.HeaderWriterFilter.doFilterInternal(HeaderWriterFilter.java:75)
	at org.springframework.web.filter.OncePerRequestFilter.doFilter(OncePerRequestFilter.java:116)
	at org.springframework.security.web.FilterChainProxy$VirtualFilterChain.doFilter(FilterChainProxy.java:385)
	at org.springframework.security.web.context.SecurityContextHolderFilter.doFilter(SecurityContextHolderFilter.java:82)
	at org.springframework.security.web.context.SecurityContextHolderFilter.doFilter(SecurityContextHolderFilter.java:69)
	at org.springframework.security.web.FilterChainProxy$VirtualFilterChain.doFilter(FilterChainProxy.java:385)
	at org.springframework.security.web.context.request.async.WebAsyncManagerIntegrationFilter.doFilterInternal(WebAsyncManagerIntegrationFilter.java:62)
	at org.springframework.web.filter.OncePerRequestFilter.doFilter(OncePerRequestFilter.java:116)
	at org.springframework.security.web.FilterChainProxy$VirtualFilterChain.doFilter(FilterChainProxy.java:385)
	at org.springframework.security.web.session.DisableEncodeUrlFilter.doFilterInternal(DisableEncodeUrlFilter.java:42)
	at org.springframework.web.filter.OncePerRequestFilter.doFilter(OncePerRequestFilter.java:116)
	at org.springframework.security.web.FilterChainProxy$VirtualFilterChain.doFilter(FilterChainProxy.java:385)
	at org.springframework.security.web.FilterChainProxy.doFilterInternal(FilterChainProxy.java:237)
	at org.springframework.security.web.FilterChainProxy.doFilter(FilterChainProxy.java:195)
	at org.springframework.web.filter.CompositeFilter$VirtualFilterChain.doFilter(CompositeFilter.java:113)
	at org.springframework.web.filter.ServletRequestPathFilter.doFilter(ServletRequestPathFilter.java:52)
	at org.springframework.web.filter.CompositeFilter$VirtualFilterChain.doFilter(CompositeFilter.java:113)
	at org.springframework.web.filter.CompositeFilter.doFilter(CompositeFilter.java:74)
	at org.springframework.security.config.annotation.web.configuration.WebSecurityConfiguration$CompositeFilterChainProxy.doFilter(WebSecurityConfiguration.java:317)
	at org.springframework.web.filter.DelegatingFilterProxy.invokeDelegate(DelegatingFilterProxy.java:355)
	at org.springframework.web.filter.DelegatingFilterProxy.doFilter(DelegatingFilterProxy.java:272)
	at org.apache.catalina.core.ApplicationFilterChain.doFilter(ApplicationFilterChain.java:111)
	at org.springframework.web.filter.RequestContextFilter.doFilterInternal(RequestContextFilter.java:100)
	at org.springframework.web.filter.OncePerRequestFilter.doFilter(OncePerRequestFilter.java:116)
	at org.apache.catalina.core.ApplicationFilterChain.doFilter(ApplicationFilterChain.java:111)
	at org.springframework.web.filter.FormContentFilter.doFilterInternal(FormContentFilter.java:93)
	at org.springframework.web.filter.OncePerRequestFilter.doFilter(OncePerRequestFilter.java:116)
	at org.apache.catalina.core.ApplicationFilterChain.doFilter(ApplicationFilterChain.java:111)
	at org.springframework.web.filter.CharacterEncodingFilter.doFilterInternal(CharacterEncodingFilter.java:199)
	at org.springframework.web.filter.OncePerRequestFilter.doFilter(OncePerRequestFilter.java:116)
	at org.apache.catalina.core.ApplicationFilterChain.doFilter(ApplicationFilterChain.java:111)
	at org.apache.catalina.core.StandardWrapperValve.invoke(StandardWrapperValve.java:165)
	at org.apache.catalina.core.StandardContextValve.invoke(StandardContextValve.java:77)
	at org.apache.catalina.authenticator.AuthenticatorBase.invoke(AuthenticatorBase.java:535)
	at org.apache.catalina.core.StandardHostValve.invoke(StandardHostValve.java:115)
	at org.apache.catalina.valves.ErrorReportValve.invoke(ErrorReportValve.java:86)
	at org.apache.catalina.core.StandardEngineValve.invoke(StandardEngineValve.java:71)
	at org.apache.catalina.connector.CoyoteAdapter.service(CoyoteAdapter.java:347)
	at org.apache.coyote.http11.Http11Processor.service(Http11Processor.java:406)
	at org.apache.coyote.AbstractProcessorLight.process(AbstractProcessorLight.java:71)
	at org.apache.coyote.AbstractProtocol$ConnectionHandler.process(AbstractProtocol.java:1307)
	at org.apache.tomcat.util.net.NioEndpoint$SocketProcessor.doRun(NioEndpoint.java:2036)
	at org.apache.tomcat.util.net.SocketProcessorBase.run(SocketProcessorBase.java:74)
	at org.apache.tomcat.util.threads.ThreadPoolExecutor.runWorker(ThreadPoolExecutor.java:949)
	at org.apache.tomcat.util.threads.ThreadPoolExecutor$Worker.run(ThreadPoolExecutor.java:483)
	at org.apache.tomcat.util.threads.TaskThread$WrappingRunnable.run(TaskThread.java:74)
	at java.base/java.lang.Thread.run(Thread.java:1583)
2026-09-04 14:21:53.501 WARN  [http-nio-8080-exec-1] o.s.w.s.m.m.a.ExceptionHandlerExceptionResolver - Resolved [org.springframework.web.servlet.resource.NoResourceFoundException: No static resource api/external/post/1 for request '/api/external/post/1'.]
2026-09-04 14:21:53.502 INFO  [http-nio-8080-exec-1] c.b.a.filter.ApiLoggingFilter - API method=GET uri=/api/external/post/1 status=500 durationMs=43 user=bulton requestBody= responseBody={"success":true,"status":500,"message":"An Unexpected Server Error","data":null,"error":null,"timestamp":"2026-09-04T14:21:53.470372"}
2026-09-04 14:22:06.570 ERROR [http-nio-8080-exec-4] c.b.a.exception.GlobalExceptionHandler - Unexpected server error
org.springframework.web.servlet.resource.NoResourceFoundException: No static resource api/external/post/1 for request '/api/external/post/1'.
	at org.springframework.web.servlet.resource.ResourceHttpRequestHandler.handleRequest(ResourceHttpRequestHandler.java:527)
	at org.springframework.web.servlet.mvc.HttpRequestHandlerAdapter.handle(HttpRequestHandlerAdapter.java:50)
	at org.springframework.web.servlet.DispatcherServlet.doDispatch(DispatcherServlet.java:963)
	at org.springframework.web.servlet.DispatcherServlet.doService(DispatcherServlet.java:866)
	at org.springframework.web.servlet.FrameworkServlet.processRequest(FrameworkServlet.java:1000)
	at org.springframework.web.servlet.FrameworkServlet.doGet(FrameworkServlet.java:892)
	at jakarta.servlet.http.HttpServlet.service(HttpServlet.java:622)
	at org.springframework.web.servlet.FrameworkServlet.service(FrameworkServlet.java:874)
	at jakarta.servlet.http.HttpServlet.service(HttpServlet.java:710)
	at org.apache.catalina.core.ApplicationFilterChain.doFilter(ApplicationFilterChain.java:132)
	at org.apache.tomcat.websocket.server.WsFilter.doFilter(WsFilter.java:59)
	at org.apache.catalina.core.ApplicationFilterChain.doFilter(ApplicationFilterChain.java:111)
	at com.bulton.api_student_management.filter.ApiLoggingFilter.doFilterInternal(ApiLoggingFilter.java:38)
	at org.springframework.web.filter.OncePerRequestFilter.doFilter(OncePerRequestFilter.java:116)
	at org.apache.catalina.core.ApplicationFilterChain.doFilter(ApplicationFilterChain.java:111)
	at org.springframework.web.filter.CompositeFilter$VirtualFilterChain.doFilter(CompositeFilter.java:108)
	at org.springframework.security.web.FilterChainProxy.lambda$doFilterInternal$2(FilterChainProxy.java:235)
	at org.springframework.security.web.FilterChainProxy$VirtualFilterChain.doFilter(FilterChainProxy.java:376)
	at org.springframework.security.web.access.intercept.AuthorizationFilter.doFilter(AuthorizationFilter.java:101)
	at org.springframework.security.web.FilterChainProxy$VirtualFilterChain.doFilter(FilterChainProxy.java:385)
	at org.springframework.security.web.access.ExceptionTranslationFilter.doFilter(ExceptionTranslationFilter.java:126)
	at org.springframework.security.web.access.ExceptionTranslationFilter.doFilter(ExceptionTranslationFilter.java:120)
	at org.springframework.security.web.FilterChainProxy$VirtualFilterChain.doFilter(FilterChainProxy.java:385)
	at org.springframework.security.web.session.SessionManagementFilter.doFilter(SessionManagementFilter.java:132)
	at org.springframework.security.web.session.SessionManagementFilter.doFilter(SessionManagementFilter.java:86)
	at org.springframework.security.web.FilterChainProxy$VirtualFilterChain.doFilter(FilterChainProxy.java:385)
	at org.springframework.security.web.authentication.AnonymousAuthenticationFilter.doFilter(AnonymousAuthenticationFilter.java:100)
	at org.springframework.security.web.FilterChainProxy$VirtualFilterChain.doFilter(FilterChainProxy.java:385)
	at org.springframework.security.web.servletapi.SecurityContextHolderAwareRequestFilter.doFilter(SecurityContextHolderAwareRequestFilter.java:181)
	at org.springframework.security.web.FilterChainProxy$VirtualFilterChain.doFilter(FilterChainProxy.java:385)
	at org.springframework.security.web.savedrequest.RequestCacheAwareFilter.doFilter(RequestCacheAwareFilter.java:63)
	at org.springframework.security.web.FilterChainProxy$VirtualFilterChain.doFilter(FilterChainProxy.java:385)
	at org.springframework.security.oauth2.server.resource.web.authentication.BearerTokenAuthenticationFilter.doFilterInternal(BearerTokenAuthenticationFilter.java:207)
	at org.springframework.web.filter.OncePerRequestFilter.doFilter(OncePerRequestFilter.java:116)
	at org.springframework.security.web.FilterChainProxy$VirtualFilterChain.doFilter(FilterChainProxy.java:385)
	at org.springframework.security.oauth2.server.resource.web.OAuth2ProtectedResourceMetadataFilter.doFilterInternal(OAuth2ProtectedResourceMetadataFilter.java:98)
	at org.springframework.web.filter.OncePerRequestFilter.doFilter(OncePerRequestFilter.java:116)
	at org.springframework.security.web.FilterChainProxy$VirtualFilterChain.doFilter(FilterChainProxy.java:385)
	at org.springframework.security.web.authentication.logout.LogoutFilter.doFilter(LogoutFilter.java:110)
	at org.springframework.security.web.authentication.logout.LogoutFilter.doFilter(LogoutFilter.java:96)
	at org.springframework.security.web.FilterChainProxy$VirtualFilterChain.doFilter(FilterChainProxy.java:385)
	at org.springframework.security.web.header.HeaderWriterFilter.doHeadersAfter(HeaderWriterFilter.java:90)
	at org.springframework.security.web.header.HeaderWriterFilter.doFilterInternal(HeaderWriterFilter.java:75)
	at org.springframework.web.filter.OncePerRequestFilter.doFilter(OncePerRequestFilter.java:116)
	at org.springframework.security.web.FilterChainProxy$VirtualFilterChain.doFilter(FilterChainProxy.java:385)
	at org.springframework.security.web.context.SecurityContextHolderFilter.doFilter(SecurityContextHolderFilter.java:82)
	at org.springframework.security.web.context.SecurityContextHolderFilter.doFilter(SecurityContextHolderFilter.java:69)
	at org.springframework.security.web.FilterChainProxy$VirtualFilterChain.doFilter(FilterChainProxy.java:385)
	at org.springframework.security.web.context.request.async.WebAsyncManagerIntegrationFilter.doFilterInternal(WebAsyncManagerIntegrationFilter.java:62)
	at org.springframework.web.filter.OncePerRequestFilter.doFilter(OncePerRequestFilter.java:116)
	at org.springframework.security.web.FilterChainProxy$VirtualFilterChain.doFilter(FilterChainProxy.java:385)
	at org.springframework.security.web.session.DisableEncodeUrlFilter.doFilterInternal(DisableEncodeUrlFilter.java:42)
	at org.springframework.web.filter.OncePerRequestFilter.doFilter(OncePerRequestFilter.java:116)
	at org.springframework.security.web.FilterChainProxy$VirtualFilterChain.doFilter(FilterChainProxy.java:385)
	at org.springframework.security.web.FilterChainProxy.doFilterInternal(FilterChainProxy.java:237)
	at org.springframework.security.web.FilterChainProxy.doFilter(FilterChainProxy.java:195)
	at org.springframework.web.filter.CompositeFilter$VirtualFilterChain.doFilter(CompositeFilter.java:113)
	at org.springframework.web.filter.ServletRequestPathFilter.doFilter(ServletRequestPathFilter.java:52)
	at org.springframework.web.filter.CompositeFilter$VirtualFilterChain.doFilter(CompositeFilter.java:113)
	at org.springframework.web.filter.CompositeFilter.doFilter(CompositeFilter.java:74)
	at org.springframework.security.config.annotation.web.configuration.WebSecurityConfiguration$CompositeFilterChainProxy.doFilter(WebSecurityConfiguration.java:317)
	at org.springframework.web.filter.DelegatingFilterProxy.invokeDelegate(DelegatingFilterProxy.java:355)
	at org.springframework.web.filter.DelegatingFilterProxy.doFilter(DelegatingFilterProxy.java:272)
	at org.apache.catalina.core.ApplicationFilterChain.doFilter(ApplicationFilterChain.java:111)
	at org.springframework.web.filter.RequestContextFilter.doFilterInternal(RequestContextFilter.java:100)
	at org.springframework.web.filter.OncePerRequestFilter.doFilter(OncePerRequestFilter.java:116)
	at org.apache.catalina.core.ApplicationFilterChain.doFilter(ApplicationFilterChain.java:111)
	at org.springframework.web.filter.FormContentFilter.doFilterInternal(FormContentFilter.java:93)
	at org.springframework.web.filter.OncePerRequestFilter.doFilter(OncePerRequestFilter.java:116)
	at org.apache.catalina.core.ApplicationFilterChain.doFilter(ApplicationFilterChain.java:111)
	at org.springframework.web.filter.CharacterEncodingFilter.doFilterInternal(CharacterEncodingFilter.java:199)
	at org.springframework.web.filter.OncePerRequestFilter.doFilter(OncePerRequestFilter.java:116)
	at org.apache.catalina.core.ApplicationFilterChain.doFilter(ApplicationFilterChain.java:111)
	at org.apache.catalina.core.StandardWrapperValve.invoke(StandardWrapperValve.java:165)
	at org.apache.catalina.core.StandardContextValve.invoke(StandardContextValve.java:77)
	at org.apache.catalina.authenticator.AuthenticatorBase.invoke(AuthenticatorBase.java:535)
	at org.apache.catalina.core.StandardHostValve.invoke(StandardHostValve.java:115)
	at org.apache.catalina.valves.ErrorReportValve.invoke(ErrorReportValve.java:86)
	at org.apache.catalina.core.StandardEngineValve.invoke(StandardEngineValve.java:71)
	at org.apache.catalina.connector.CoyoteAdapter.service(CoyoteAdapter.java:347)
	at org.apache.coyote.http11.Http11Processor.service(Http11Processor.java:406)
	at org.apache.coyote.AbstractProcessorLight.process(AbstractProcessorLight.java:71)
	at org.apache.coyote.AbstractProtocol$ConnectionHandler.process(AbstractProtocol.java:1307)
	at org.apache.tomcat.util.net.NioEndpoint$SocketProcessor.doRun(NioEndpoint.java:2036)
	at org.apache.tomcat.util.net.SocketProcessorBase.run(SocketProcessorBase.java:74)
	at org.apache.tomcat.util.threads.ThreadPoolExecutor.runWorker(ThreadPoolExecutor.java:949)
	at org.apache.tomcat.util.threads.ThreadPoolExecutor$Worker.run(ThreadPoolExecutor.java:483)
	at org.apache.tomcat.util.threads.TaskThread$WrappingRunnable.run(TaskThread.java:74)
	at java.base/java.lang.Thread.run(Thread.java:1583)
2026-09-04 14:22:06.573 WARN  [http-nio-8080-exec-4] o.s.w.s.m.m.a.ExceptionHandlerExceptionResolver - Resolved [org.springframework.web.servlet.resource.NoResourceFoundException: No static resource api/external/post/1 for request '/api/external/post/1'.]
2026-09-04 14:22:06.573 INFO  [http-nio-8080-exec-4] c.b.a.filter.ApiLoggingFilter - API method=GET uri=/api/external/post/1 status=500 durationMs=4 user=bulton requestBody= responseBody={"success":true,"status":500,"message":"An Unexpected Server Error","data":null,"error":null,"timestamp":"2026-09-04T14:22:06.572739"}
2026-09-04 14:22:29.162 ERROR [http-nio-8080-exec-6] c.b.a.exception.GlobalExceptionHandler - Unexpected server error
org.springframework.web.servlet.resource.NoResourceFoundException: No static resource api/external/post/0 for request '/api/external/post/0'.
	at org.springframework.web.servlet.resource.ResourceHttpRequestHandler.handleRequest(ResourceHttpRequestHandler.java:527)
	at org.springframework.web.servlet.mvc.HttpRequestHandlerAdapter.handle(HttpRequestHandlerAdapter.java:50)
	at org.springframework.web.servlet.DispatcherServlet.doDispatch(DispatcherServlet.java:963)
	at org.springframework.web.servlet.DispatcherServlet.doService(DispatcherServlet.java:866)
	at org.springframework.web.servlet.FrameworkServlet.processRequest(FrameworkServlet.java:1000)
	at org.springframework.web.servlet.FrameworkServlet.doGet(FrameworkServlet.java:892)
	at jakarta.servlet.http.HttpServlet.service(HttpServlet.java:622)
	at org.springframework.web.servlet.FrameworkServlet.service(FrameworkServlet.java:874)
	at jakarta.servlet.http.HttpServlet.service(HttpServlet.java:710)
	at org.apache.catalina.core.ApplicationFilterChain.doFilter(ApplicationFilterChain.java:132)
	at org.apache.tomcat.websocket.server.WsFilter.doFilter(WsFilter.java:59)
	at org.apache.catalina.core.ApplicationFilterChain.doFilter(ApplicationFilterChain.java:111)
	at com.bulton.api_student_management.filter.ApiLoggingFilter.doFilterInternal(ApiLoggingFilter.java:38)
	at org.springframework.web.filter.OncePerRequestFilter.doFilter(OncePerRequestFilter.java:116)
	at org.apache.catalina.core.ApplicationFilterChain.doFilter(ApplicationFilterChain.java:111)
	at org.springframework.web.filter.CompositeFilter$VirtualFilterChain.doFilter(CompositeFilter.java:108)
	at org.springframework.security.web.FilterChainProxy.lambda$doFilterInternal$2(FilterChainProxy.java:235)
	at org.springframework.security.web.FilterChainProxy$VirtualFilterChain.doFilter(FilterChainProxy.java:376)
	at org.springframework.security.web.access.intercept.AuthorizationFilter.doFilter(AuthorizationFilter.java:101)
	at org.springframework.security.web.FilterChainProxy$VirtualFilterChain.doFilter(FilterChainProxy.java:385)
	at org.springframework.security.web.access.ExceptionTranslationFilter.doFilter(ExceptionTranslationFilter.java:126)
	at org.springframework.security.web.access.ExceptionTranslationFilter.doFilter(ExceptionTranslationFilter.java:120)
	at org.springframework.security.web.FilterChainProxy$VirtualFilterChain.doFilter(FilterChainProxy.java:385)
	at org.springframework.security.web.session.SessionManagementFilter.doFilter(SessionManagementFilter.java:132)
	at org.springframework.security.web.session.SessionManagementFilter.doFilter(SessionManagementFilter.java:86)
	at org.springframework.security.web.FilterChainProxy$VirtualFilterChain.doFilter(FilterChainProxy.java:385)
	at org.springframework.security.web.authentication.AnonymousAuthenticationFilter.doFilter(AnonymousAuthenticationFilter.java:100)
	at org.springframework.security.web.FilterChainProxy$VirtualFilterChain.doFilter(FilterChainProxy.java:385)
	at org.springframework.security.web.servletapi.SecurityContextHolderAwareRequestFilter.doFilter(SecurityContextHolderAwareRequestFilter.java:181)
	at org.springframework.security.web.FilterChainProxy$VirtualFilterChain.doFilter(FilterChainProxy.java:385)
	at org.springframework.security.web.savedrequest.RequestCacheAwareFilter.doFilter(RequestCacheAwareFilter.java:63)
	at org.springframework.security.web.FilterChainProxy$VirtualFilterChain.doFilter(FilterChainProxy.java:385)
	at org.springframework.security.oauth2.server.resource.web.authentication.BearerTokenAuthenticationFilter.doFilterInternal(BearerTokenAuthenticationFilter.java:207)
	at org.springframework.web.filter.OncePerRequestFilter.doFilter(OncePerRequestFilter.java:116)
	at org.springframework.security.web.FilterChainProxy$VirtualFilterChain.doFilter(FilterChainProxy.java:385)
	at org.springframework.security.oauth2.server.resource.web.OAuth2ProtectedResourceMetadataFilter.doFilterInternal(OAuth2ProtectedResourceMetadataFilter.java:98)
	at org.springframework.web.filter.OncePerRequestFilter.doFilter(OncePerRequestFilter.java:116)
	at org.springframework.security.web.FilterChainProxy$VirtualFilterChain.doFilter(FilterChainProxy.java:385)
	at org.springframework.security.web.authentication.logout.LogoutFilter.doFilter(LogoutFilter.java:110)
	at org.springframework.security.web.authentication.logout.LogoutFilter.doFilter(LogoutFilter.java:96)
	at org.springframework.security.web.FilterChainProxy$VirtualFilterChain.doFilter(FilterChainProxy.java:385)
	at org.springframework.security.web.header.HeaderWriterFilter.doHeadersAfter(HeaderWriterFilter.java:90)
	at org.springframework.security.web.header.HeaderWriterFilter.doFilterInternal(HeaderWriterFilter.java:75)
	at org.springframework.web.filter.OncePerRequestFilter.doFilter(OncePerRequestFilter.java:116)
	at org.springframework.security.web.FilterChainProxy$VirtualFilterChain.doFilter(FilterChainProxy.java:385)
	at org.springframework.security.web.context.SecurityContextHolderFilter.doFilter(SecurityContextHolderFilter.java:82)
	at org.springframework.security.web.context.SecurityContextHolderFilter.doFilter(SecurityContextHolderFilter.java:69)
	at org.springframework.security.web.FilterChainProxy$VirtualFilterChain.doFilter(FilterChainProxy.java:385)
	at org.springframework.security.web.context.request.async.WebAsyncManagerIntegrationFilter.doFilterInternal(WebAsyncManagerIntegrationFilter.java:62)
	at org.springframework.web.filter.OncePerRequestFilter.doFilter(OncePerRequestFilter.java:116)
	at org.springframework.security.web.FilterChainProxy$VirtualFilterChain.doFilter(FilterChainProxy.java:385)
	at org.springframework.security.web.session.DisableEncodeUrlFilter.doFilterInternal(DisableEncodeUrlFilter.java:42)
	at org.springframework.web.filter.OncePerRequestFilter.doFilter(OncePerRequestFilter.java:116)
	at org.springframework.security.web.FilterChainProxy$VirtualFilterChain.doFilter(FilterChainProxy.java:385)
	at org.springframework.security.web.FilterChainProxy.doFilterInternal(FilterChainProxy.java:237)
	at org.springframework.security.web.FilterChainProxy.doFilter(FilterChainProxy.java:195)
	at org.springframework.web.filter.CompositeFilter$VirtualFilterChain.doFilter(CompositeFilter.java:113)
	at org.springframework.web.filter.ServletRequestPathFilter.doFilter(ServletRequestPathFilter.java:52)
	at org.springframework.web.filter.CompositeFilter$VirtualFilterChain.doFilter(CompositeFilter.java:113)
	at org.springframework.web.filter.CompositeFilter.doFilter(CompositeFilter.java:74)
	at org.springframework.security.config.annotation.web.configuration.WebSecurityConfiguration$CompositeFilterChainProxy.doFilter(WebSecurityConfiguration.java:317)
	at org.springframework.web.filter.DelegatingFilterProxy.invokeDelegate(DelegatingFilterProxy.java:355)
	at org.springframework.web.filter.DelegatingFilterProxy.doFilter(DelegatingFilterProxy.java:272)
	at org.apache.catalina.core.ApplicationFilterChain.doFilter(ApplicationFilterChain.java:111)
	at org.springframework.web.filter.RequestContextFilter.doFilterInternal(RequestContextFilter.java:100)
	at org.springframework.web.filter.OncePerRequestFilter.doFilter(OncePerRequestFilter.java:116)
	at org.apache.catalina.core.ApplicationFilterChain.doFilter(ApplicationFilterChain.java:111)
	at org.springframework.web.filter.FormContentFilter.doFilterInternal(FormContentFilter.java:93)
	at org.springframework.web.filter.OncePerRequestFilter.doFilter(OncePerRequestFilter.java:116)
	at org.apache.catalina.core.ApplicationFilterChain.doFilter(ApplicationFilterChain.java:111)
	at org.springframework.web.filter.CharacterEncodingFilter.doFilterInternal(CharacterEncodingFilter.java:199)
	at org.springframework.web.filter.OncePerRequestFilter.doFilter(OncePerRequestFilter.java:116)
	at org.apache.catalina.core.ApplicationFilterChain.doFilter(ApplicationFilterChain.java:111)
	at org.apache.catalina.core.StandardWrapperValve.invoke(StandardWrapperValve.java:165)
	at org.apache.catalina.core.StandardContextValve.invoke(StandardContextValve.java:77)
	at org.apache.catalina.authenticator.AuthenticatorBase.invoke(AuthenticatorBase.java:535)
	at org.apache.catalina.core.StandardHostValve.invoke(StandardHostValve.java:115)
	at org.apache.catalina.valves.ErrorReportValve.invoke(ErrorReportValve.java:86)
	at org.apache.catalina.core.StandardEngineValve.invoke(StandardEngineValve.java:71)
	at org.apache.catalina.connector.CoyoteAdapter.service(CoyoteAdapter.java:347)
	at org.apache.coyote.http11.Http11Processor.service(Http11Processor.java:406)
	at org.apache.coyote.AbstractProcessorLight.process(AbstractProcessorLight.java:71)
	at org.apache.coyote.AbstractProtocol$ConnectionHandler.process(AbstractProtocol.java:1307)
	at org.apache.tomcat.util.net.NioEndpoint$SocketProcessor.doRun(NioEndpoint.java:2036)
	at org.apache.tomcat.util.net.SocketProcessorBase.run(SocketProcessorBase.java:74)
	at org.apache.tomcat.util.threads.ThreadPoolExecutor.runWorker(ThreadPoolExecutor.java:949)
	at org.apache.tomcat.util.threads.ThreadPoolExecutor$Worker.run(ThreadPoolExecutor.java:483)
	at org.apache.tomcat.util.threads.TaskThread$WrappingRunnable.run(TaskThread.java:74)
	at java.base/java.lang.Thread.run(Thread.java:1583)
2026-09-04 14:22:29.166 WARN  [http-nio-8080-exec-6] o.s.w.s.m.m.a.ExceptionHandlerExceptionResolver - Resolved [org.springframework.web.servlet.resource.NoResourceFoundException: No static resource api/external/post/0 for request '/api/external/post/0'.]
2026-09-04 14:22:29.166 INFO  [http-nio-8080-exec-6] c.b.a.filter.ApiLoggingFilter - API method=GET uri=/api/external/post/0 status=500 durationMs=6 user=bulton requestBody= responseBody={"success":true,"status":500,"message":"An Unexpected Server Error","data":null,"error":null,"timestamp":"2026-09-04T14:22:29.1654"}
2026-09-04 14:23:00.767 WARN  [http-nio-8080-exec-8] o.s.w.s.m.m.a.ExceptionHandlerExceptionResolver - Resolved [jakarta.validation.ConstraintViolationException: getPostById.id: Post ID must be greater than zero]
2026-09-04 14:23:00.767 INFO  [http-nio-8080-exec-8] c.b.a.filter.ApiLoggingFilter - API method=GET uri=/api/external/posts/0 status=400 durationMs=31 user=bulton requestBody= responseBody={"success":true,"status":400,"message":"Parameters validated Failed","data":null,"error":null,"timestamp":"2026-09-04T14:23:00.767065"}
2026-09-04 14:23:49.696 INFO  [http-nio-8080-exec-10] c.b.a.config.WebClientConfig - THIRD_PARTY_REQUEST method=GET url=https://jsonplaceholder.typicode.com/posts/1
2026-09-04 14:23:50.588 ERROR [http-nio-8080-exec-10] i.n.r.d.DnsServerAddressStreamProviders - Unable to load io.netty.resolver.dns.macos.MacOSDnsServerAddressStreamProvider, fallback to system defaults. This may result in incorrect DNS resolutions on MacOS. Check whether you have a dependency on 'io.netty:netty-resolver-dns-native-macos'. Use DEBUG level to see the full stack: java.lang.UnsatisfiedLinkError: failed to load the required native library
2026-09-04 14:23:51.121 INFO  [reactor-http-nio-2] c.b.a.config.WebClientConfig - THIRD_PARTY_RESPONSE status=200
2026-09-04 14:23:51.152 INFO  [reactor-http-nio-2] c.b.a.s.impl.ExternalPostServiceImpl - THIRD_PARTY_RESPONSE_BODY post=ExternalPostResponse(userId=1, id=1, title=sunt aut facere repellat provident occaecati excepturi optio reprehenderit, body=quia et suscipit
suscipit recusandae consequuntur expedita et cum
reprehenderit molestiae ut ut quas totam
nostrum rerum est autem sunt rem eveniet architecto)
2026-09-04 14:23:51.154 INFO  [http-nio-8080-exec-10] c.b.a.filter.ApiLoggingFilter - API method=GET uri=/api/external/posts/1 status=200 durationMs=1490 user=bulton requestBody= responseBody={"success":true,"status":200,"message":"External post retrieved successfully","data":{"body":"quia et suscipit\nsuscipit recusandae consequuntur expedita et cum\nreprehenderit molestiae ut ut quas totam\nnostrum rerum est autem sunt rem eveniet architecto","id":1,"title":"sunt aut facere repellat provident occaecati excepturi optio reprehenderit","userId":1},"error":null,"timestamp":"2026-09-04T14:23:51.152742"}
2026-09-04 14:25:07.480 INFO  [http-nio-8080-exec-3] c.b.a.config.WebClientConfig - THIRD_PARTY_REQUEST method=GET url=https://jsonplaceholder.typicode.com/posts/999
2026-09-04 14:25:07.659 INFO  [reactor-http-nio-2] c.b.a.config.WebClientConfig - THIRD_PARTY_RESPONSE status=404
2026-09-04 14:25:07.660 WARN  [reactor-http-nio-2] c.b.a.s.impl.ExternalPostServiceImpl - THIRD_PARTY_NOT_FOUND postId=999
2026-09-04 14:25:07.671 WARN  [http-nio-8080-exec-3] c.b.a.exception.GlobalExceptionHandler - Resource Not Found: External post not found with ID: 999
2026-09-04 14:25:07.672 WARN  [http-nio-8080-exec-3] o.s.w.s.m.m.a.ExceptionHandlerExceptionResolver - Resolved [com.bulton.api_student_management.exception.ResourceNotFoundException: External post not found with ID: 999]
2026-09-04 14:25:07.672 INFO  [http-nio-8080-exec-3] c.b.a.filter.ApiLoggingFilter - API method=GET uri=/api/external/posts/999 status=404 durationMs=194 user=bulton requestBody= responseBody={"success":true,"status":404,"message":"External post not found with ID: 999","data":null,"error":null,"timestamp":"2026-09-04T14:25:07.671728"}
2026-09-04 14:26:44.262 INFO  [File Watcher] o.s.b.d.a.LocalDevToolsAutoConfiguration$RestartingClassPathChangeChangedEventListener - Restarting due to 2 class path changes (0 additions, 0 deletions, 2 modifications)
2026-09-04 14:26:44.271 INFO  [Thread-1] o.s.boot.tomcat.GracefulShutdown - Commencing graceful shutdown. Waiting for active requests to complete
2026-09-04 14:26:44.272 INFO  [tomcat-shutdown] o.apache.coyote.http11.Http11NioProtocol - Pausing ProtocolHandler ["http-nio-8080"]
2026-09-04 14:26:44.278 INFO  [tomcat-shutdown] o.s.boot.tomcat.GracefulShutdown - Graceful shutdown complete
2026-09-04 14:26:44.279 INFO  [Thread-1] o.apache.coyote.http11.Http11NioProtocol - Stopping ProtocolHandler ["http-nio-8080"]
2026-09-04 14:26:44.284 INFO  [Thread-1] o.s.o.j.LocalContainerEntityManagerFactoryBean - Closing JPA EntityManagerFactory for persistence unit 'default'
2026-09-04 14:26:44.289 INFO  [Thread-1] com.zaxxer.hikari.HikariDataSource - HikariPool-1 - Shutdown initiated...
2026-09-04 14:26:44.291 INFO  [Thread-1] com.zaxxer.hikari.HikariDataSource - HikariPool-1 - Shutdown completed.
2026-09-04 14:26:44.360 INFO  [restartedMain] c.b.a.ApiStudentManagementApplication - Starting ApiStudentManagementApplication using Java 21.0.10 with PID 47099 (/Users/macbook/Downloads/api_student_management/target/classes started by macbook in /Users/macbook/Downloads/api_student_management)
2026-09-04 14:26:44.361 INFO  [restartedMain] c.b.a.ApiStudentManagementApplication - No active profile set, falling back to 1 default profile: "default"
2026-09-04 14:26:44.435 INFO  [restartedMain] o.s.d.r.c.RepositoryConfigurationDelegate - Bootstrapping Spring Data JPA repositories in DEFAULT mode.
2026-09-04 14:26:44.440 INFO  [restartedMain] o.s.d.r.c.RepositoryConfigurationDelegate - Finished Spring Data repository scanning in 4 ms. Found 2 JPA repository interfaces.
2026-09-04 14:26:44.491 INFO  [restartedMain] o.s.boot.tomcat.TomcatWebServer - Tomcat initialized with port 8080 (http)
2026-09-04 14:26:44.492 INFO  [restartedMain] o.apache.coyote.http11.Http11NioProtocol - Initializing ProtocolHandler ["http-nio-8080"]
2026-09-04 14:26:44.492 INFO  [restartedMain] o.apache.catalina.core.StandardService - Starting service [Tomcat]
2026-09-04 14:26:44.492 INFO  [restartedMain] org.apache.catalina.core.StandardEngine - Starting Servlet engine: [Apache Tomcat/11.0.24]
2026-09-04 14:26:44.498 INFO  [restartedMain] o.s.b.w.c.s.WebApplicationContextInitializer - Root WebApplicationContext: initialization completed in 136 ms
2026-09-04 14:26:44.520 INFO  [restartedMain] org.hibernate.orm.jpa - HHH008540: Processing PersistenceUnitInfo [name: default]
2026-09-04 14:26:44.534 INFO  [restartedMain] o.s.o.j.p.SpringPersistenceUnitInfo - No LoadTimeWeaver setup: ignoring JPA class transformer
2026-09-04 14:26:44.534 INFO  [restartedMain] com.zaxxer.hikari.HikariDataSource - HikariPool-2 - Starting...
2026-09-04 14:26:44.553 INFO  [restartedMain] com.zaxxer.hikari.pool.HikariPool - HikariPool-2 - Added connection org.postgresql.jdbc.PgConnection@7f7a0e78
2026-09-04 14:26:44.553 INFO  [restartedMain] com.zaxxer.hikari.HikariDataSource - HikariPool-2 - Start completed.
2026-09-04 14:26:44.559 INFO  [restartedMain] org.hibernate.orm.connections.pooling - HHH10001005: Database info:
	Database JDBC URL [jdbc:postgresql://localhost:5432/student_management]
	Database driver: PostgreSQL JDBC Driver
	Database dialect: PostgreSQLDialect
	Database version: 18.6
	Default catalog/schema: student_management/public
	Autocommit mode: undefined/unknown
	Isolation level: READ_COMMITTED [default READ_COMMITTED]
	JDBC fetch size: none
	Pool: DataSourceConnectionProvider
	Minimum pool size: undefined/unknown
	Maximum pool size: undefined/unknown
2026-09-04 14:26:44.592 INFO  [restartedMain] org.hibernate.orm.core - HHH000489: No JTA platform available (set 'hibernate.transaction.jta.platform' to enable JTA platform integration)
2026-09-04 14:26:44.628 WARN  [restartedMain] org.hibernate.orm.jdbc.warn - HHH000247: ErrorCode: 0, SQLState: 00000
2026-09-04 14:26:44.628 WARN  [restartedMain] org.hibernate.orm.jdbc.warn - constraint "uk_students_student_name" of relation "students" does not exist, skipping
2026-09-04 14:26:44.629 INFO  [restartedMain] o.s.o.j.LocalContainerEntityManagerFactoryBean - Initialized JPA EntityManagerFactory for persistence unit 'default'
2026-09-04 14:26:44.664 INFO  [restartedMain] o.s.s.c.a.a.c.InitializeUserDetailsBeanManagerConfigurer$InitializeUserDetailsManagerConfigurer - Global AuthenticationManager configured with UserDetailsService bean with name userDetailsService
2026-09-04 14:26:44.771 INFO  [restartedMain] o.apache.coyote.http11.Http11NioProtocol - Starting ProtocolHandler ["http-nio-8080"]
2026-09-04 14:26:44.772 INFO  [restartedMain] o.s.boot.tomcat.TomcatWebServer - Tomcat started on port 8080 (http) with context path '/'
2026-09-04 14:26:44.773 INFO  [restartedMain] c.b.a.ApiStudentManagementApplication - Started ApiStudentManagementApplication in 0.43 seconds (process running for 369.616)
2026-09-04 14:26:44.774 INFO  [restartedMain] o.s.b.d.a.ConditionEvaluationDeltaLoggingListener - Condition evaluation unchanged
2026-09-04 14:26:55.694 INFO  [SpringApplicationShutdownHook] o.s.boot.tomcat.GracefulShutdown - Commencing graceful shutdown. Waiting for active requests to complete
2026-09-04 14:26:55.702 INFO  [tomcat-shutdown] o.s.boot.tomcat.GracefulShutdown - Graceful shutdown complete
2026-09-04 14:26:55.706 INFO  [SpringApplicationShutdownHook] o.s.o.j.LocalContainerEntityManagerFactoryBean - Closing JPA EntityManagerFactory for persistence unit 'default'
2026-09-04 14:26:55.707 INFO  [SpringApplicationShutdownHook] com.zaxxer.hikari.HikariDataSource - HikariPool-2 - Shutdown initiated...
2026-09-04 14:26:55.708 INFO  [SpringApplicationShutdownHook] com.zaxxer.hikari.HikariDataSource - HikariPool-2 - Shutdown completed.
2026-09-04 14:26:59.763 INFO  [background-preinit] o.h.validator.internal.util.Version - HV000001: Hibernate Validator 9.1.3.Final
2026-09-04 14:26:59.785 INFO  [restartedMain] c.b.a.ApiStudentManagementApplication - Starting ApiStudentManagementApplication using Java 21.0.10 with PID 47636 (/Users/macbook/Downloads/api_student_management/target/classes started by macbook in /Users/macbook/Downloads/api_student_management)
2026-09-04 14:26:59.785 INFO  [restartedMain] c.b.a.ApiStudentManagementApplication - No active profile set, falling back to 1 default profile: "default"
2026-09-04 14:26:59.806 INFO  [restartedMain] o.s.b.d.e.DevToolsPropertyDefaultsPostProcessor - Devtools property defaults active! Set 'spring.devtools.add-properties' to 'false' to disable
2026-09-04 14:26:59.806 INFO  [restartedMain] o.s.b.d.e.DevToolsPropertyDefaultsPostProcessor - For additional web related logging consider setting the 'logging.level.web' property to 'DEBUG'
2026-09-04 14:27:00.102 INFO  [restartedMain] o.s.d.r.c.RepositoryConfigurationDelegate - Bootstrapping Spring Data JPA repositories in DEFAULT mode.
2026-09-04 14:27:00.169 INFO  [restartedMain] o.s.d.r.c.RepositoryConfigurationDelegate - Finished Spring Data repository scanning in 63 ms. Found 2 JPA repository interfaces.
2026-09-04 14:27:00.473 INFO  [restartedMain] o.s.boot.tomcat.TomcatWebServer - Tomcat initialized with port 8080 (http)
2026-09-04 14:27:00.480 INFO  [restartedMain] o.apache.coyote.http11.Http11NioProtocol - Initializing ProtocolHandler ["http-nio-8080"]
2026-09-04 14:27:00.481 INFO  [restartedMain] o.apache.catalina.core.StandardService - Starting service [Tomcat]
2026-09-04 14:27:00.481 INFO  [restartedMain] org.apache.catalina.core.StandardEngine - Starting Servlet engine: [Apache Tomcat/11.0.24]
2026-09-04 14:27:00.498 INFO  [restartedMain] o.s.b.w.c.s.WebApplicationContextInitializer - Root WebApplicationContext: initialization completed in 692 ms
2026-09-04 14:27:00.580 INFO  [restartedMain] org.hibernate.orm.jpa - HHH008540: Processing PersistenceUnitInfo [name: default]
2026-09-04 14:27:00.601 INFO  [restartedMain] org.hibernate.orm.core - HHH000001: Hibernate ORM core version 7.4.5.Final
2026-09-04 14:27:00.785 INFO  [restartedMain] o.s.o.j.p.SpringPersistenceUnitInfo - No LoadTimeWeaver setup: ignoring JPA class transformer
2026-09-04 14:27:00.799 INFO  [restartedMain] com.zaxxer.hikari.HikariDataSource - HikariPool-1 - Starting...
2026-09-04 14:27:00.853 INFO  [restartedMain] com.zaxxer.hikari.pool.HikariPool - HikariPool-1 - Added connection org.postgresql.jdbc.PgConnection@62d35bd8
2026-09-04 14:27:00.853 INFO  [restartedMain] com.zaxxer.hikari.HikariDataSource - HikariPool-1 - Start completed.
2026-09-04 14:27:00.885 INFO  [restartedMain] org.hibernate.orm.connections.pooling - HHH10001005: Database info:
	Database JDBC URL [jdbc:postgresql://localhost:5432/student_management]
	Database driver: PostgreSQL JDBC Driver
	Database dialect: PostgreSQLDialect
	Database version: 18.6
	Default catalog/schema: student_management/public
	Autocommit mode: undefined/unknown
	Isolation level: READ_COMMITTED [default READ_COMMITTED]
	JDBC fetch size: none
	Pool: DataSourceConnectionProvider
	Minimum pool size: undefined/unknown
	Maximum pool size: undefined/unknown
2026-09-04 14:27:01.323 INFO  [restartedMain] org.hibernate.orm.core - HHH000489: No JTA platform available (set 'hibernate.transaction.jta.platform' to enable JTA platform integration)
2026-09-04 14:27:01.369 WARN  [restartedMain] org.hibernate.orm.jdbc.warn - HHH000247: ErrorCode: 0, SQLState: 00000
2026-09-04 14:27:01.369 WARN  [restartedMain] org.hibernate.orm.jdbc.warn - constraint "uk_students_student_name" of relation "students" does not exist, skipping
2026-09-04 14:27:01.371 INFO  [restartedMain] o.s.o.j.LocalContainerEntityManagerFactoryBean - Initialized JPA EntityManagerFactory for persistence unit 'default'
2026-09-04 14:27:01.411 INFO  [restartedMain] o.s.d.j.r.query.QueryEnhancerFactories - Hibernate is in classpath; If applicable, HQL parser will be used.
2026-09-04 14:27:01.494 INFO  [restartedMain] o.s.s.c.a.a.c.InitializeUserDetailsBeanManagerConfigurer$InitializeUserDetailsManagerConfigurer - Global AuthenticationManager configured with UserDetailsService bean with name userDetailsService
2026-09-04 14:27:01.905 INFO  [restartedMain] o.apache.coyote.http11.Http11NioProtocol - Starting ProtocolHandler ["http-nio-8080"]
2026-09-04 14:27:01.912 INFO  [restartedMain] o.s.boot.tomcat.TomcatWebServer - Tomcat started on port 8080 (http) with context path '/'
2026-09-04 14:27:01.916 INFO  [restartedMain] c.b.a.ApiStudentManagementApplication - Started ApiStudentManagementApplication in 2.331 seconds (process running for 2.522)
2026-09-04 14:27:04.485 INFO  [http-nio-8080-exec-2] o.a.c.c.C.[Tomcat].[localhost].[/] - Initializing Spring DispatcherServlet 'dispatcherServlet'
2026-09-04 14:27:04.486 INFO  [http-nio-8080-exec-2] o.s.web.servlet.DispatcherServlet - Initializing Servlet 'dispatcherServlet'
2026-09-04 14:27:04.487 INFO  [http-nio-8080-exec-2] o.s.web.servlet.DispatcherServlet - Completed initialization in 1 ms
2026-09-04 14:27:04.568 INFO  [http-nio-8080-exec-2] c.b.a.config.WebClientConfig - THIRD_PARTY_REQUEST method=GET url=https://jsonplaceholder.typicode.com/posts/999
2026-09-04 14:27:05.086 ERROR [http-nio-8080-exec-2] i.n.r.d.DnsServerAddressStreamProviders - Unable to load io.netty.resolver.dns.macos.MacOSDnsServerAddressStreamProvider, fallback to system defaults. This may result in incorrect DNS resolutions on MacOS. Check whether you have a dependency on 'io.netty:netty-resolver-dns-native-macos'. Use DEBUG level to see the full stack: java.lang.UnsatisfiedLinkError: failed to load the required native library
2026-09-04 14:27:05.638 INFO  [reactor-http-nio-2] c.b.a.config.WebClientConfig - THIRD_PARTY_RESPONSE status=404
2026-09-04 14:27:05.642 WARN  [reactor-http-nio-2] c.b.a.s.impl.ExternalPostServiceImpl - THIRD_PARTY_NOT_FOUND postId=999
2026-09-04 14:27:05.652 WARN  [http-nio-8080-exec-2] c.b.a.exception.GlobalExceptionHandler - Resource Not Found: External post not found with ID: 999
2026-09-04 14:27:05.686 WARN  [http-nio-8080-exec-2] o.s.w.s.m.m.a.ExceptionHandlerExceptionResolver - Resolved [com.bulton.api_student_management.exception.ResourceNotFoundException: External post not found with ID: 999]
2026-09-04 14:27:05.686 INFO  [http-nio-8080-exec-2] c.b.a.filter.ApiLoggingFilter - API method=GET uri=/api/external/posts/999 status=404 durationMs=1157 user=bulton requestBody= responseBody={"success":false,"status":404,"message":"External post not found with ID: 999","data":null,"error":null,"timestamp":"2026-09-04T14:27:05.653282"}
2026-09-04 14:42:22.976 INFO  [SpringApplicationShutdownHook] o.s.boot.tomcat.GracefulShutdown - Commencing graceful shutdown. Waiting for active requests to complete
2026-09-04 14:42:22.981 INFO  [tomcat-shutdown] o.s.boot.tomcat.GracefulShutdown - Graceful shutdown complete
2026-09-04 14:42:22.988 INFO  [SpringApplicationShutdownHook] o.s.o.j.LocalContainerEntityManagerFactoryBean - Closing JPA EntityManagerFactory for persistence unit 'default'
2026-09-04 14:42:22.991 INFO  [SpringApplicationShutdownHook] com.zaxxer.hikari.HikariDataSource - HikariPool-1 - Shutdown initiated...
2026-09-04 14:42:22.994 INFO  [SpringApplicationShutdownHook] com.zaxxer.hikari.HikariDataSource - HikariPool-1 - Shutdown completed.
2026-09-04 14:42:28.564 INFO  [background-preinit] o.h.validator.internal.util.Version - HV000001: Hibernate Validator 9.1.3.Final
2026-09-04 14:42:28.587 INFO  [restartedMain] c.b.a.ApiStudentManagementApplication - Starting ApiStudentManagementApplication using Java 21.0.10 with PID 48619 (/Users/macbook/Downloads/api_student_management/target/classes started by macbook in /Users/macbook/Downloads/api_student_management)
2026-09-04 14:42:28.588 INFO  [restartedMain] c.b.a.ApiStudentManagementApplication - No active profile set, falling back to 1 default profile: "default"
2026-09-04 14:42:28.609 INFO  [restartedMain] o.s.b.d.e.DevToolsPropertyDefaultsPostProcessor - Devtools property defaults active! Set 'spring.devtools.add-properties' to 'false' to disable
2026-09-04 14:42:28.609 INFO  [restartedMain] o.s.b.d.e.DevToolsPropertyDefaultsPostProcessor - For additional web related logging consider setting the 'logging.level.web' property to 'DEBUG'
2026-09-04 14:42:28.908 INFO  [restartedMain] o.s.d.r.c.RepositoryConfigurationDelegate - Bootstrapping Spring Data JPA repositories in DEFAULT mode.
2026-09-04 14:42:28.977 INFO  [restartedMain] o.s.d.r.c.RepositoryConfigurationDelegate - Finished Spring Data repository scanning in 65 ms. Found 2 JPA repository interfaces.
2026-09-04 14:42:29.242 INFO  [restartedMain] o.s.boot.tomcat.TomcatWebServer - Tomcat initialized with port 8080 (http)
2026-09-04 14:42:29.248 INFO  [restartedMain] o.apache.coyote.http11.Http11NioProtocol - Initializing ProtocolHandler ["http-nio-8080"]
2026-09-04 14:42:29.250 INFO  [restartedMain] o.apache.catalina.core.StandardService - Starting service [Tomcat]
2026-09-04 14:42:29.250 INFO  [restartedMain] org.apache.catalina.core.StandardEngine - Starting Servlet engine: [Apache Tomcat/11.0.24]
2026-09-04 14:42:29.269 INFO  [restartedMain] o.s.b.w.c.s.WebApplicationContextInitializer - Root WebApplicationContext: initialization completed in 660 ms
2026-09-04 14:42:29.365 INFO  [restartedMain] org.hibernate.orm.jpa - HHH008540: Processing PersistenceUnitInfo [name: default]
2026-09-04 14:42:29.385 INFO  [restartedMain] org.hibernate.orm.core - HHH000001: Hibernate ORM core version 7.4.5.Final
2026-09-04 14:42:29.567 INFO  [restartedMain] o.s.o.j.p.SpringPersistenceUnitInfo - No LoadTimeWeaver setup: ignoring JPA class transformer
2026-09-04 14:42:29.581 INFO  [restartedMain] com.zaxxer.hikari.HikariDataSource - HikariPool-1 - Starting...
2026-09-04 14:42:29.630 INFO  [restartedMain] com.zaxxer.hikari.pool.HikariPool - HikariPool-1 - Added connection org.postgresql.jdbc.PgConnection@44f10b28
2026-09-04 14:42:29.631 INFO  [restartedMain] com.zaxxer.hikari.HikariDataSource - HikariPool-1 - Start completed.
2026-09-04 14:42:29.663 INFO  [restartedMain] org.hibernate.orm.connections.pooling - HHH10001005: Database info:
	Database JDBC URL [jdbc:postgresql://localhost:5432/student_management]
	Database driver: PostgreSQL JDBC Driver
	Database dialect: PostgreSQLDialect
	Database version: 18.6
	Default catalog/schema: student_management/public
	Autocommit mode: undefined/unknown
	Isolation level: READ_COMMITTED [default READ_COMMITTED]
	JDBC fetch size: none
	Pool: DataSourceConnectionProvider
	Minimum pool size: undefined/unknown
	Maximum pool size: undefined/unknown
2026-09-04 14:42:30.047 INFO  [restartedMain] org.hibernate.orm.core - HHH000489: No JTA platform available (set 'hibernate.transaction.jta.platform' to enable JTA platform integration)
2026-09-04 14:42:30.095 WARN  [restartedMain] org.hibernate.orm.jdbc.warn - HHH000247: ErrorCode: 0, SQLState: 00000
2026-09-04 14:42:30.095 WARN  [restartedMain] org.hibernate.orm.jdbc.warn - constraint "uk_students_student_name" of relation "students" does not exist, skipping
2026-09-04 14:42:30.097 INFO  [restartedMain] o.s.o.j.LocalContainerEntityManagerFactoryBean - Initialized JPA EntityManagerFactory for persistence unit 'default'
2026-09-04 14:42:30.139 INFO  [restartedMain] o.s.d.j.r.query.QueryEnhancerFactories - Hibernate is in classpath; If applicable, HQL parser will be used.
2026-09-04 14:42:30.222 INFO  [restartedMain] o.s.s.c.a.a.c.InitializeUserDetailsBeanManagerConfigurer$InitializeUserDetailsManagerConfigurer - Global AuthenticationManager configured with UserDetailsService bean with name userDetailsService
2026-09-04 14:42:30.586 INFO  [restartedMain] o.apache.coyote.http11.Http11NioProtocol - Starting ProtocolHandler ["http-nio-8080"]
2026-09-04 14:42:30.592 INFO  [restartedMain] o.s.boot.tomcat.TomcatWebServer - Tomcat started on port 8080 (http) with context path '/'
2026-09-04 14:42:30.597 INFO  [restartedMain] c.b.a.ApiStudentManagementApplication - Started ApiStudentManagementApplication in 2.215 seconds (process running for 2.406)
2026-09-04 14:43:13.302 INFO  [http-nio-8080-exec-1] o.a.c.c.C.[Tomcat].[localhost].[/] - Initializing Spring DispatcherServlet 'dispatcherServlet'
2026-09-04 14:43:13.302 INFO  [http-nio-8080-exec-1] o.s.web.servlet.DispatcherServlet - Initializing Servlet 'dispatcherServlet'
2026-09-04 14:43:13.303 INFO  [http-nio-8080-exec-1] o.s.web.servlet.DispatcherServlet - Completed initialization in 1 ms
2026-09-04 14:43:13.702 INFO  [http-nio-8080-exec-1] c.b.a.filter.ApiLoggingFilter - API method=POST uri=/api/auth/register status=200 durationMs=389 user=anonymous requestBody=[REDACTED] responseBody=[REDACTED]
2026-09-04 14:43:51.069 INFO  [http-nio-8080-exec-2] c.b.a.filter.ApiLoggingFilter - API method=POST uri=/api/auth/login status=200 durationMs=257 user=anonymous requestBody=[REDACTED] responseBody=[REDACTED]
2026-09-04 14:44:15.408 INFO  [http-nio-8080-exec-4] c.b.a.config.WebClientConfig - THIRD_PARTY_REQUEST method=GET url=https://jsonplaceholder.typicode.com/posts/999
2026-09-04 14:44:16.024 ERROR [http-nio-8080-exec-4] i.n.r.d.DnsServerAddressStreamProviders - Unable to load io.netty.resolver.dns.macos.MacOSDnsServerAddressStreamProvider, fallback to system defaults. This may result in incorrect DNS resolutions on MacOS. Check whether you have a dependency on 'io.netty:netty-resolver-dns-native-macos'. Use DEBUG level to see the full stack: java.lang.UnsatisfiedLinkError: failed to load the required native library
2026-09-04 14:44:16.589 INFO  [reactor-http-nio-2] c.b.a.config.WebClientConfig - THIRD_PARTY_RESPONSE status=404
2026-09-04 14:44:16.593 WARN  [reactor-http-nio-2] c.b.a.s.impl.ExternalPostServiceImpl - THIRD_PARTY_NOT_FOUND postId=999
2026-09-04 14:44:16.603 WARN  [http-nio-8080-exec-4] c.b.a.exception.GlobalExceptionHandler - Resource Not Found: External post not found with ID: 999
2026-09-04 14:44:16.604 WARN  [http-nio-8080-exec-4] o.s.w.s.m.m.a.ExceptionHandlerExceptionResolver - Resolved [com.bulton.api_student_management.exception.ResourceNotFoundException: External post not found with ID: 999]
2026-09-04 14:44:16.604 INFO  [http-nio-8080-exec-4] c.b.a.filter.ApiLoggingFilter - API method=GET uri=/api/external/posts/999 status=404 durationMs=1224 user=bulton requestBody= responseBody={"success":false,"status":404,"message":"External post not found with ID: 999","data":null,"error":null,"timestamp":"2026-09-04T14:44:16.60385"}
2026-09-04 14:44:25.401 INFO  [http-nio-8080-exec-5] c.b.a.filter.ApiLoggingFilter - API method=GET uri=/api/students status=200 durationMs=27 user=bulton requestBody= responseBody={"success":true,"status":200,"message":"Students recived Successfully","data":[{"address":"PP","createdAt":"2026-09-04T14:10:03.469368","dateOfBirth":"2000-05-02","email":"bulton@gmail.com","firstName":"Deluch","gender":"MALE","id":2,"lastName":"Bulton","phone":"012334454","updatedAt":"2026-09-04T14:10:03.469368"}],"error":null,"timestamp":"2026-09-04T14:44:25.396052"}
2026-09-04 14:44:33.731 INFO  [http-nio-8080-exec-6] c.b.a.filter.ApiLoggingFilter - API method=GET uri=/api/students status=200 durationMs=6 user=demoUser requestBody= responseBody={"success":true,"status":200,"message":"Students recived Successfully","data":[{"address":"PP","createdAt":"2026-09-04T14:10:03.469368","dateOfBirth":"2000-05-02","email":"bulton@gmail.com","firstName":"Deluch","gender":"MALE","id":2,"lastName":"Bulton","phone":"012334454","updatedAt":"2026-09-04T14:10:03.469368"}],"error":null,"timestamp":"2026-09-04T14:44:33.730352"}
2026-09-04 14:44:41.833 WARN  [http-nio-8080-exec-7] c.b.a.exception.GlobalExceptionHandler - Resource Not Found: Student Not Found with ID : 1
2026-09-04 14:44:41.834 WARN  [http-nio-8080-exec-7] o.s.w.s.m.m.a.ExceptionHandlerExceptionResolver - Resolved [com.bulton.api_student_management.exception.ResourceNotFoundException: Student Not Found with ID : 1]
2026-09-04 14:44:41.834 INFO  [http-nio-8080-exec-7] c.b.a.filter.ApiLoggingFilter - API method=GET uri=/api/students/1 status=404 durationMs=13 user=demoUser requestBody= responseBody={"success":false,"status":404,"message":"Student Not Found with ID : 1","data":null,"error":null,"timestamp":"2026-09-04T14:44:41.834116"}
2026-09-04 14:44:47.757 INFO  [http-nio-8080-exec-8] c.b.a.filter.ApiLoggingFilter - API method=GET uri=/api/students/2 status=200 durationMs=6 user=demoUser requestBody= responseBody={"success":true,"status":200,"message":"Student recieved Successfully","data":{"address":"PP","createdAt":"2026-09-04T14:10:03.469368","dateOfBirth":"2000-05-02","email":"bulton@gmail.com","firstName":"Deluch","gender":"MALE","id":2,"lastName":"Bulton","phone":"012334454","updatedAt":"2026-09-04T14:10:03.469368"},"error":null,"timestamp":"2026-09-04T14:44:47.756273"}
2026-09-04 14:45:08.519 INFO  [http-nio-8080-exec-10] c.b.a.filter.ApiLoggingFilter - API method=PUT uri=/api/students/2 status=200 durationMs=29 user=demoUser requestBody={    "studentCode" : "9244",    "firstName" : "Deluch Ratanak",     "lastName" : "Bulton",    "email" : "bulton@gmail.com",     "phone" : "012334454",     "dateOfBirth" : "2000-05-02",     "gender" : "MALE",     "address" : "PP"} responseBody={"success":true,"status":200,"message":"Update Successfully","data":{"address":"PP","createdAt":"2026-09-04T14:10:03.469368","dateOfBirth":"2000-05-02","email":"bulton@gmail.com","firstName":"Deluch Ratanak","gender":"MALE","id":2,"lastName":"Bulton","phone":"012334454","updatedAt":"2026-09-04T14:10:03.469368"},"error":null,"timestamp":"2026-09-04T14:45:08.518443"}
2026-09-04 14:46:52.742 INFO  [http-nio-8080-exec-3] c.b.a.filter.ApiLoggingFilter - API method=DELETE uri=/api/students/2 status=200 durationMs=12 user=demoUser requestBody= responseBody={"success":true,"status":200,"message":"Deleted Successfully","data":null,"error":null,"timestamp":"2026-09-04T14:46:52.742252"}
2026-09-04 14:49:40.836 INFO  [SpringApplicationShutdownHook] o.s.boot.tomcat.GracefulShutdown - Commencing graceful shutdown. Waiting for active requests to complete
2026-09-04 14:49:40.841 INFO  [tomcat-shutdown] o.s.boot.tomcat.GracefulShutdown - Graceful shutdown complete
2026-09-04 14:49:40.847 INFO  [SpringApplicationShutdownHook] o.s.o.j.LocalContainerEntityManagerFactoryBean - Closing JPA EntityManagerFactory for persistence unit 'default'
2026-09-04 14:49:40.850 INFO  [SpringApplicationShutdownHook] com.zaxxer.hikari.HikariDataSource - HikariPool-1 - Shutdown initiated...
2026-09-04 14:49:40.852 INFO  [SpringApplicationShutdownHook] com.zaxxer.hikari.HikariDataSource - HikariPool-1 - Shutdown completed.
2026-09-04 14:49:44.645 INFO  [background-preinit] o.h.validator.internal.util.Version - HV000001: Hibernate Validator 9.1.3.Final
2026-09-04 14:49:44.669 INFO  [restartedMain] c.b.a.ApiStudentManagementApplication - Starting ApiStudentManagementApplication using Java 21.0.10 with PID 49172 (/Users/macbook/Downloads/api_student_management/target/classes started by macbook in /Users/macbook/Downloads/api_student_management)
2026-09-04 14:49:44.670 INFO  [restartedMain] c.b.a.ApiStudentManagementApplication - No active profile set, falling back to 1 default profile: "default"
2026-09-04 14:49:44.689 INFO  [restartedMain] o.s.b.d.e.DevToolsPropertyDefaultsPostProcessor - Devtools property defaults active! Set 'spring.devtools.add-properties' to 'false' to disable
2026-09-04 14:49:44.689 INFO  [restartedMain] o.s.b.d.e.DevToolsPropertyDefaultsPostProcessor - For additional web related logging consider setting the 'logging.level.web' property to 'DEBUG'
2026-09-04 14:49:44.994 INFO  [restartedMain] o.s.d.r.c.RepositoryConfigurationDelegate - Bootstrapping Spring Data JPA repositories in DEFAULT mode.
2026-09-04 14:49:45.060 INFO  [restartedMain] o.s.d.r.c.RepositoryConfigurationDelegate - Finished Spring Data repository scanning in 62 ms. Found 2 JPA repository interfaces.
2026-09-04 14:49:45.459 INFO  [restartedMain] o.s.boot.tomcat.TomcatWebServer - Tomcat initialized with port 8080 (http)
2026-09-04 14:49:45.465 INFO  [restartedMain] o.apache.coyote.http11.Http11NioProtocol - Initializing ProtocolHandler ["http-nio-8080"]
2026-09-04 14:49:45.466 INFO  [restartedMain] o.apache.catalina.core.StandardService - Starting service [Tomcat]
2026-09-04 14:49:45.467 INFO  [restartedMain] org.apache.catalina.core.StandardEngine - Starting Servlet engine: [Apache Tomcat/11.0.24]
2026-09-04 14:49:45.484 INFO  [restartedMain] o.s.b.w.c.s.WebApplicationContextInitializer - Root WebApplicationContext: initialization completed in 794 ms
2026-09-04 14:49:45.571 INFO  [restartedMain] org.hibernate.orm.jpa - HHH008540: Processing PersistenceUnitInfo [name: default]
2026-09-04 14:49:45.591 INFO  [restartedMain] org.hibernate.orm.core - HHH000001: Hibernate ORM core version 7.4.5.Final
2026-09-04 14:49:45.766 INFO  [restartedMain] o.s.o.j.p.SpringPersistenceUnitInfo - No LoadTimeWeaver setup: ignoring JPA class transformer
2026-09-04 14:49:45.780 INFO  [restartedMain] com.zaxxer.hikari.HikariDataSource - HikariPool-1 - Starting...
2026-09-04 14:49:45.831 INFO  [restartedMain] com.zaxxer.hikari.pool.HikariPool - HikariPool-1 - Added connection org.postgresql.jdbc.PgConnection@2cef4387
2026-09-04 14:49:45.832 INFO  [restartedMain] com.zaxxer.hikari.HikariDataSource - HikariPool-1 - Start completed.
2026-09-04 14:49:45.865 INFO  [restartedMain] org.hibernate.orm.connections.pooling - HHH10001005: Database info:
	Database JDBC URL [jdbc:postgresql://localhost:5432/student_management]
	Database driver: PostgreSQL JDBC Driver
	Database dialect: PostgreSQLDialect
	Database version: 18.6
	Default catalog/schema: student_management/public
	Autocommit mode: undefined/unknown
	Isolation level: READ_COMMITTED [default READ_COMMITTED]
	JDBC fetch size: none
	Pool: DataSourceConnectionProvider
	Minimum pool size: undefined/unknown
	Maximum pool size: undefined/unknown
2026-09-04 14:49:46.373 INFO  [restartedMain] org.hibernate.orm.core - HHH000489: No JTA platform available (set 'hibernate.transaction.jta.platform' to enable JTA platform integration)
2026-09-04 14:49:46.419 WARN  [restartedMain] org.hibernate.orm.jdbc.warn - HHH000247: ErrorCode: 0, SQLState: 00000
2026-09-04 14:49:46.420 WARN  [restartedMain] org.hibernate.orm.jdbc.warn - constraint "uk_students_student_name" of relation "students" does not exist, skipping
2026-09-04 14:49:46.422 INFO  [restartedMain] o.s.o.j.LocalContainerEntityManagerFactoryBean - Initialized JPA EntityManagerFactory for persistence unit 'default'
2026-09-04 14:49:46.464 INFO  [restartedMain] o.s.d.j.r.query.QueryEnhancerFactories - Hibernate is in classpath; If applicable, HQL parser will be used.
2026-09-04 14:49:46.545 INFO  [restartedMain] o.s.s.c.a.a.c.InitializeUserDetailsBeanManagerConfigurer$InitializeUserDetailsManagerConfigurer - Global AuthenticationManager configured with UserDetailsService bean with name userDetailsService
2026-09-04 14:49:46.913 INFO  [restartedMain] o.apache.coyote.http11.Http11NioProtocol - Starting ProtocolHandler ["http-nio-8080"]
2026-09-04 14:49:46.920 INFO  [restartedMain] o.s.boot.tomcat.TomcatWebServer - Tomcat started on port 8080 (http) with context path '/'
2026-09-04 14:49:46.924 INFO  [restartedMain] c.b.a.ApiStudentManagementApplication - Started ApiStudentManagementApplication in 2.469 seconds (process running for 2.658)
2026-09-04 14:51:50.641 INFO  [http-nio-8080-exec-1] o.a.c.c.C.[Tomcat].[localhost].[/] - Initializing Spring DispatcherServlet 'dispatcherServlet'
2026-09-04 14:51:50.641 INFO  [http-nio-8080-exec-1] o.s.web.servlet.DispatcherServlet - Initializing Servlet 'dispatcherServlet'
2026-09-04 14:51:50.643 INFO  [http-nio-8080-exec-1] o.s.web.servlet.DispatcherServlet - Completed initialization in 2 ms
2026-09-04 14:52:09.165 INFO  [http-nio-8080-exec-3] c.b.a.filter.ApiLoggingFilter - API method=POST uri=/api/auth/login status=200 durationMs=514 user=anonymous requestBody=[REDACTED] responseBody=[REDACTED]
2026-09-04 14:52:21.954 ERROR [http-nio-8080-exec-4] c.b.a.exception.GlobalExceptionHandler - Unexpected server error
org.springframework.web.HttpRequestMethodNotSupportedException: Request method 'POST' is not supported
	at org.springframework.web.servlet.mvc.method.RequestMappingInfoHandlerMapping.handleNoMatch(RequestMappingInfoHandlerMapping.java:260)
	at org.springframework.web.servlet.handler.AbstractHandlerMethodMapping.lookupHandlerMethod(AbstractHandlerMethodMapping.java:432)
	at org.springframework.web.servlet.handler.AbstractHandlerMethodMapping.getHandlerInternal(AbstractHandlerMethodMapping.java:376)
	at org.springframework.web.servlet.mvc.method.RequestMappingInfoHandlerMapping.getHandlerInternal(RequestMappingInfoHandlerMapping.java:116)
	at org.springframework.web.servlet.mvc.method.RequestMappingInfoHandlerMapping.getHandlerInternal(RequestMappingInfoHandlerMapping.java:68)
	at org.springframework.web.servlet.handler.AbstractHandlerMapping.getHandler(AbstractHandlerMapping.java:544)
	at org.springframework.web.servlet.DispatcherServlet.getHandler(DispatcherServlet.java:1157)
	at org.springframework.web.servlet.DispatcherServlet.doDispatch(DispatcherServlet.java:951)
	at org.springframework.web.servlet.DispatcherServlet.doService(DispatcherServlet.java:866)
	at org.springframework.web.servlet.FrameworkServlet.processRequest(FrameworkServlet.java:1000)
	at org.springframework.web.servlet.FrameworkServlet.doPost(FrameworkServlet.java:903)
	at jakarta.servlet.http.HttpServlet.service(HttpServlet.java:649)
	at org.springframework.web.servlet.FrameworkServlet.service(FrameworkServlet.java:874)
	at jakarta.servlet.http.HttpServlet.service(HttpServlet.java:710)
	at org.apache.catalina.core.ApplicationFilterChain.doFilter(ApplicationFilterChain.java:132)
	at org.apache.tomcat.websocket.server.WsFilter.doFilter(WsFilter.java:59)
	at org.apache.catalina.core.ApplicationFilterChain.doFilter(ApplicationFilterChain.java:111)
	at com.bulton.api_student_management.filter.ApiLoggingFilter.doFilterInternal(ApiLoggingFilter.java:38)
	at org.springframework.web.filter.OncePerRequestFilter.doFilter(OncePerRequestFilter.java:116)
	at org.apache.catalina.core.ApplicationFilterChain.doFilter(ApplicationFilterChain.java:111)
	at org.springframework.web.filter.CompositeFilter$VirtualFilterChain.doFilter(CompositeFilter.java:108)
	at org.springframework.security.web.FilterChainProxy.lambda$doFilterInternal$2(FilterChainProxy.java:235)
	at org.springframework.security.web.FilterChainProxy$VirtualFilterChain.doFilter(FilterChainProxy.java:376)
	at org.springframework.security.web.access.intercept.AuthorizationFilter.doFilter(AuthorizationFilter.java:101)
	at org.springframework.security.web.FilterChainProxy$VirtualFilterChain.doFilter(FilterChainProxy.java:385)
	at org.springframework.security.web.access.ExceptionTranslationFilter.doFilter(ExceptionTranslationFilter.java:126)
	at org.springframework.security.web.access.ExceptionTranslationFilter.doFilter(ExceptionTranslationFilter.java:120)
	at org.springframework.security.web.FilterChainProxy$VirtualFilterChain.doFilter(FilterChainProxy.java:385)
	at org.springframework.security.web.session.SessionManagementFilter.doFilter(SessionManagementFilter.java:132)
	at org.springframework.security.web.session.SessionManagementFilter.doFilter(SessionManagementFilter.java:86)
	at org.springframework.security.web.FilterChainProxy$VirtualFilterChain.doFilter(FilterChainProxy.java:385)
	at org.springframework.security.web.authentication.AnonymousAuthenticationFilter.doFilter(AnonymousAuthenticationFilter.java:100)
	at org.springframework.security.web.FilterChainProxy$VirtualFilterChain.doFilter(FilterChainProxy.java:385)
	at org.springframework.security.web.servletapi.SecurityContextHolderAwareRequestFilter.doFilter(SecurityContextHolderAwareRequestFilter.java:181)
	at org.springframework.security.web.FilterChainProxy$VirtualFilterChain.doFilter(FilterChainProxy.java:385)
	at org.springframework.security.web.savedrequest.RequestCacheAwareFilter.doFilter(RequestCacheAwareFilter.java:63)
	at org.springframework.security.web.FilterChainProxy$VirtualFilterChain.doFilter(FilterChainProxy.java:385)
	at org.springframework.security.oauth2.server.resource.web.authentication.BearerTokenAuthenticationFilter.doFilterInternal(BearerTokenAuthenticationFilter.java:207)
	at org.springframework.web.filter.OncePerRequestFilter.doFilter(OncePerRequestFilter.java:116)
	at org.springframework.security.web.FilterChainProxy$VirtualFilterChain.doFilter(FilterChainProxy.java:385)
	at org.springframework.security.oauth2.server.resource.web.OAuth2ProtectedResourceMetadataFilter.doFilterInternal(OAuth2ProtectedResourceMetadataFilter.java:98)
	at org.springframework.web.filter.OncePerRequestFilter.doFilter(OncePerRequestFilter.java:116)
	at org.springframework.security.web.FilterChainProxy$VirtualFilterChain.doFilter(FilterChainProxy.java:385)
	at org.springframework.security.web.authentication.logout.LogoutFilter.doFilter(LogoutFilter.java:110)
	at org.springframework.security.web.authentication.logout.LogoutFilter.doFilter(LogoutFilter.java:96)
	at org.springframework.security.web.FilterChainProxy$VirtualFilterChain.doFilter(FilterChainProxy.java:385)
	at org.springframework.security.web.header.HeaderWriterFilter.doHeadersAfter(HeaderWriterFilter.java:90)
	at org.springframework.security.web.header.HeaderWriterFilter.doFilterInternal(HeaderWriterFilter.java:75)
	at org.springframework.web.filter.OncePerRequestFilter.doFilter(OncePerRequestFilter.java:116)
	at org.springframework.security.web.FilterChainProxy$VirtualFilterChain.doFilter(FilterChainProxy.java:385)
	at org.springframework.security.web.context.SecurityContextHolderFilter.doFilter(SecurityContextHolderFilter.java:82)
	at org.springframework.security.web.context.SecurityContextHolderFilter.doFilter(SecurityContextHolderFilter.java:69)
	at org.springframework.security.web.FilterChainProxy$VirtualFilterChain.doFilter(FilterChainProxy.java:385)
	at org.springframework.security.web.context.request.async.WebAsyncManagerIntegrationFilter.doFilterInternal(WebAsyncManagerIntegrationFilter.java:62)
	at org.springframework.web.filter.OncePerRequestFilter.doFilter(OncePerRequestFilter.java:116)
	at org.springframework.security.web.FilterChainProxy$VirtualFilterChain.doFilter(FilterChainProxy.java:385)
	at org.springframework.security.web.session.DisableEncodeUrlFilter.doFilterInternal(DisableEncodeUrlFilter.java:42)
	at org.springframework.web.filter.OncePerRequestFilter.doFilter(OncePerRequestFilter.java:116)
	at org.springframework.security.web.FilterChainProxy$VirtualFilterChain.doFilter(FilterChainProxy.java:385)
	at org.springframework.security.web.FilterChainProxy.doFilterInternal(FilterChainProxy.java:237)
	at org.springframework.security.web.FilterChainProxy.doFilter(FilterChainProxy.java:195)
	at org.springframework.web.filter.CompositeFilter$VirtualFilterChain.doFilter(CompositeFilter.java:113)
	at org.springframework.web.filter.ServletRequestPathFilter.doFilter(ServletRequestPathFilter.java:52)
	at org.springframework.web.filter.CompositeFilter$VirtualFilterChain.doFilter(CompositeFilter.java:113)
	at org.springframework.web.filter.CompositeFilter.doFilter(CompositeFilter.java:74)
	at org.springframework.security.config.annotation.web.configuration.WebSecurityConfiguration$CompositeFilterChainProxy.doFilter(WebSecurityConfiguration.java:317)
	at org.springframework.web.filter.DelegatingFilterProxy.invokeDelegate(DelegatingFilterProxy.java:355)
	at org.springframework.web.filter.DelegatingFilterProxy.doFilter(DelegatingFilterProxy.java:272)
	at org.apache.catalina.core.ApplicationFilterChain.doFilter(ApplicationFilterChain.java:111)
	at org.springframework.web.filter.RequestContextFilter.doFilterInternal(RequestContextFilter.java:100)
	at org.springframework.web.filter.OncePerRequestFilter.doFilter(OncePerRequestFilter.java:116)
	at org.apache.catalina.core.ApplicationFilterChain.doFilter(ApplicationFilterChain.java:111)
	at org.springframework.web.filter.FormContentFilter.doFilterInternal(FormContentFilter.java:93)
	at org.springframework.web.filter.OncePerRequestFilter.doFilter(OncePerRequestFilter.java:116)
	at org.apache.catalina.core.ApplicationFilterChain.doFilter(ApplicationFilterChain.java:111)
	at org.springframework.web.filter.CharacterEncodingFilter.doFilterInternal(CharacterEncodingFilter.java:199)
	at org.springframework.web.filter.OncePerRequestFilter.doFilter(OncePerRequestFilter.java:116)
	at org.apache.catalina.core.ApplicationFilterChain.doFilter(ApplicationFilterChain.java:111)
	at org.apache.catalina.core.StandardWrapperValve.invoke(StandardWrapperValve.java:165)
	at org.apache.catalina.core.StandardContextValve.invoke(StandardContextValve.java:77)
	at org.apache.catalina.authenticator.AuthenticatorBase.invoke(AuthenticatorBase.java:535)
	at org.apache.catalina.core.StandardHostValve.invoke(StandardHostValve.java:115)
	at org.apache.catalina.valves.ErrorReportValve.invoke(ErrorReportValve.java:86)
	at org.apache.catalina.core.StandardEngineValve.invoke(StandardEngineValve.java:71)
	at org.apache.catalina.connector.CoyoteAdapter.service(CoyoteAdapter.java:347)
	at org.apache.coyote.http11.Http11Processor.service(Http11Processor.java:406)
	at org.apache.coyote.AbstractProcessorLight.process(AbstractProcessorLight.java:71)
	at org.apache.coyote.AbstractProtocol$ConnectionHandler.process(AbstractProtocol.java:1307)
	at org.apache.tomcat.util.net.NioEndpoint$SocketProcessor.doRun(NioEndpoint.java:2036)
	at org.apache.tomcat.util.net.SocketProcessorBase.run(SocketProcessorBase.java:74)
	at org.apache.tomcat.util.threads.ThreadPoolExecutor.runWorker(ThreadPoolExecutor.java:949)
	at org.apache.tomcat.util.threads.ThreadPoolExecutor$Worker.run(ThreadPoolExecutor.java:483)
	at org.apache.tomcat.util.threads.TaskThread$WrappingRunnable.run(TaskThread.java:74)
	at java.base/java.lang.Thread.run(Thread.java:1583)
2026-09-04 14:52:21.957 WARN  [http-nio-8080-exec-4] o.s.w.s.m.m.a.ExceptionHandlerExceptionResolver - Resolved [org.springframework.web.HttpRequestMethodNotSupportedException: Request method 'POST' is not supported]
2026-09-04 14:52:21.957 INFO  [http-nio-8080-exec-4] c.b.a.filter.ApiLoggingFilter - API method=POST uri=/api/external/posts/2 status=500 durationMs=5 user=demoUser requestBody= responseBody={"success":false,"status":500,"message":"An Unexpected Server Error","data":null,"error":null,"timestamp":"2026-09-04T14:52:21.95629"}
2026-09-04 14:52:28.324 ERROR [http-nio-8080-exec-5] c.b.a.exception.GlobalExceptionHandler - Unexpected server error
org.springframework.web.HttpRequestMethodNotSupportedException: Request method 'POST' is not supported
	at org.springframework.web.servlet.mvc.method.RequestMappingInfoHandlerMapping.handleNoMatch(RequestMappingInfoHandlerMapping.java:260)
	at org.springframework.web.servlet.handler.AbstractHandlerMethodMapping.lookupHandlerMethod(AbstractHandlerMethodMapping.java:432)
	at org.springframework.web.servlet.handler.AbstractHandlerMethodMapping.getHandlerInternal(AbstractHandlerMethodMapping.java:376)
	at org.springframework.web.servlet.mvc.method.RequestMappingInfoHandlerMapping.getHandlerInternal(RequestMappingInfoHandlerMapping.java:116)
	at org.springframework.web.servlet.mvc.method.RequestMappingInfoHandlerMapping.getHandlerInternal(RequestMappingInfoHandlerMapping.java:68)
	at org.springframework.web.servlet.handler.AbstractHandlerMapping.getHandler(AbstractHandlerMapping.java:544)
	at org.springframework.web.servlet.DispatcherServlet.getHandler(DispatcherServlet.java:1157)
	at org.springframework.web.servlet.DispatcherServlet.doDispatch(DispatcherServlet.java:951)
	at org.springframework.web.servlet.DispatcherServlet.doService(DispatcherServlet.java:866)
	at org.springframework.web.servlet.FrameworkServlet.processRequest(FrameworkServlet.java:1000)
	at org.springframework.web.servlet.FrameworkServlet.doPost(FrameworkServlet.java:903)
	at jakarta.servlet.http.HttpServlet.service(HttpServlet.java:649)
	at org.springframework.web.servlet.FrameworkServlet.service(FrameworkServlet.java:874)
	at jakarta.servlet.http.HttpServlet.service(HttpServlet.java:710)
	at org.apache.catalina.core.ApplicationFilterChain.doFilter(ApplicationFilterChain.java:132)
	at org.apache.tomcat.websocket.server.WsFilter.doFilter(WsFilter.java:59)
	at org.apache.catalina.core.ApplicationFilterChain.doFilter(ApplicationFilterChain.java:111)
	at com.bulton.api_student_management.filter.ApiLoggingFilter.doFilterInternal(ApiLoggingFilter.java:38)
	at org.springframework.web.filter.OncePerRequestFilter.doFilter(OncePerRequestFilter.java:116)
	at org.apache.catalina.core.ApplicationFilterChain.doFilter(ApplicationFilterChain.java:111)
	at org.springframework.web.filter.CompositeFilter$VirtualFilterChain.doFilter(CompositeFilter.java:108)
	at org.springframework.security.web.FilterChainProxy.lambda$doFilterInternal$2(FilterChainProxy.java:235)
	at org.springframework.security.web.FilterChainProxy$VirtualFilterChain.doFilter(FilterChainProxy.java:376)
	at org.springframework.security.web.access.intercept.AuthorizationFilter.doFilter(AuthorizationFilter.java:101)
	at org.springframework.security.web.FilterChainProxy$VirtualFilterChain.doFilter(FilterChainProxy.java:385)
	at org.springframework.security.web.access.ExceptionTranslationFilter.doFilter(ExceptionTranslationFilter.java:126)
	at org.springframework.security.web.access.ExceptionTranslationFilter.doFilter(ExceptionTranslationFilter.java:120)
	at org.springframework.security.web.FilterChainProxy$VirtualFilterChain.doFilter(FilterChainProxy.java:385)
	at org.springframework.security.web.session.SessionManagementFilter.doFilter(SessionManagementFilter.java:132)
	at org.springframework.security.web.session.SessionManagementFilter.doFilter(SessionManagementFilter.java:86)
	at org.springframework.security.web.FilterChainProxy$VirtualFilterChain.doFilter(FilterChainProxy.java:385)
	at org.springframework.security.web.authentication.AnonymousAuthenticationFilter.doFilter(AnonymousAuthenticationFilter.java:100)
	at org.springframework.security.web.FilterChainProxy$VirtualFilterChain.doFilter(FilterChainProxy.java:385)
	at org.springframework.security.web.servletapi.SecurityContextHolderAwareRequestFilter.doFilter(SecurityContextHolderAwareRequestFilter.java:181)
	at org.springframework.security.web.FilterChainProxy$VirtualFilterChain.doFilter(FilterChainProxy.java:385)
	at org.springframework.security.web.savedrequest.RequestCacheAwareFilter.doFilter(RequestCacheAwareFilter.java:63)
	at org.springframework.security.web.FilterChainProxy$VirtualFilterChain.doFilter(FilterChainProxy.java:385)
	at org.springframework.security.oauth2.server.resource.web.authentication.BearerTokenAuthenticationFilter.doFilterInternal(BearerTokenAuthenticationFilter.java:207)
	at org.springframework.web.filter.OncePerRequestFilter.doFilter(OncePerRequestFilter.java:116)
	at org.springframework.security.web.FilterChainProxy$VirtualFilterChain.doFilter(FilterChainProxy.java:385)
	at org.springframework.security.oauth2.server.resource.web.OAuth2ProtectedResourceMetadataFilter.doFilterInternal(OAuth2ProtectedResourceMetadataFilter.java:98)
	at org.springframework.web.filter.OncePerRequestFilter.doFilter(OncePerRequestFilter.java:116)
	at org.springframework.security.web.FilterChainProxy$VirtualFilterChain.doFilter(FilterChainProxy.java:385)
	at org.springframework.security.web.authentication.logout.LogoutFilter.doFilter(LogoutFilter.java:110)
	at org.springframework.security.web.authentication.logout.LogoutFilter.doFilter(LogoutFilter.java:96)
	at org.springframework.security.web.FilterChainProxy$VirtualFilterChain.doFilter(FilterChainProxy.java:385)
	at org.springframework.security.web.header.HeaderWriterFilter.doHeadersAfter(HeaderWriterFilter.java:90)
	at org.springframework.security.web.header.HeaderWriterFilter.doFilterInternal(HeaderWriterFilter.java:75)
	at org.springframework.web.filter.OncePerRequestFilter.doFilter(OncePerRequestFilter.java:116)
	at org.springframework.security.web.FilterChainProxy$VirtualFilterChain.doFilter(FilterChainProxy.java:385)
	at org.springframework.security.web.context.SecurityContextHolderFilter.doFilter(SecurityContextHolderFilter.java:82)
	at org.springframework.security.web.context.SecurityContextHolderFilter.doFilter(SecurityContextHolderFilter.java:69)
	at org.springframework.security.web.FilterChainProxy$VirtualFilterChain.doFilter(FilterChainProxy.java:385)
	at org.springframework.security.web.context.request.async.WebAsyncManagerIntegrationFilter.doFilterInternal(WebAsyncManagerIntegrationFilter.java:62)
	at org.springframework.web.filter.OncePerRequestFilter.doFilter(OncePerRequestFilter.java:116)
	at org.springframework.security.web.FilterChainProxy$VirtualFilterChain.doFilter(FilterChainProxy.java:385)
	at org.springframework.security.web.session.DisableEncodeUrlFilter.doFilterInternal(DisableEncodeUrlFilter.java:42)
	at org.springframework.web.filter.OncePerRequestFilter.doFilter(OncePerRequestFilter.java:116)
	at org.springframework.security.web.FilterChainProxy$VirtualFilterChain.doFilter(FilterChainProxy.java:385)
	at org.springframework.security.web.FilterChainProxy.doFilterInternal(FilterChainProxy.java:237)
	at org.springframework.security.web.FilterChainProxy.doFilter(FilterChainProxy.java:195)
	at org.springframework.web.filter.CompositeFilter$VirtualFilterChain.doFilter(CompositeFilter.java:113)
	at org.springframework.web.filter.ServletRequestPathFilter.doFilter(ServletRequestPathFilter.java:52)
	at org.springframework.web.filter.CompositeFilter$VirtualFilterChain.doFilter(CompositeFilter.java:113)
	at org.springframework.web.filter.CompositeFilter.doFilter(CompositeFilter.java:74)
	at org.springframework.security.config.annotation.web.configuration.WebSecurityConfiguration$CompositeFilterChainProxy.doFilter(WebSecurityConfiguration.java:317)
	at org.springframework.web.filter.DelegatingFilterProxy.invokeDelegate(DelegatingFilterProxy.java:355)
	at org.springframework.web.filter.DelegatingFilterProxy.doFilter(DelegatingFilterProxy.java:272)
	at org.apache.catalina.core.ApplicationFilterChain.doFilter(ApplicationFilterChain.java:111)
	at org.springframework.web.filter.RequestContextFilter.doFilterInternal(RequestContextFilter.java:100)
	at org.springframework.web.filter.OncePerRequestFilter.doFilter(OncePerRequestFilter.java:116)
	at org.apache.catalina.core.ApplicationFilterChain.doFilter(ApplicationFilterChain.java:111)
	at org.springframework.web.filter.FormContentFilter.doFilterInternal(FormContentFilter.java:93)
	at org.springframework.web.filter.OncePerRequestFilter.doFilter(OncePerRequestFilter.java:116)
	at org.apache.catalina.core.ApplicationFilterChain.doFilter(ApplicationFilterChain.java:111)
	at org.springframework.web.filter.CharacterEncodingFilter.doFilterInternal(CharacterEncodingFilter.java:199)
	at org.springframework.web.filter.OncePerRequestFilter.doFilter(OncePerRequestFilter.java:116)
	at org.apache.catalina.core.ApplicationFilterChain.doFilter(ApplicationFilterChain.java:111)
	at org.apache.catalina.core.StandardWrapperValve.invoke(StandardWrapperValve.java:165)
	at org.apache.catalina.core.StandardContextValve.invoke(StandardContextValve.java:77)
	at org.apache.catalina.authenticator.AuthenticatorBase.invoke(AuthenticatorBase.java:535)
	at org.apache.catalina.core.StandardHostValve.invoke(StandardHostValve.java:115)
	at org.apache.catalina.valves.ErrorReportValve.invoke(ErrorReportValve.java:86)
	at org.apache.catalina.core.StandardEngineValve.invoke(StandardEngineValve.java:71)
	at org.apache.catalina.connector.CoyoteAdapter.service(CoyoteAdapter.java:347)
	at org.apache.coyote.http11.Http11Processor.service(Http11Processor.java:406)
	at org.apache.coyote.AbstractProcessorLight.process(AbstractProcessorLight.java:71)
	at org.apache.coyote.AbstractProtocol$ConnectionHandler.process(AbstractProtocol.java:1307)
	at org.apache.tomcat.util.net.NioEndpoint$SocketProcessor.doRun(NioEndpoint.java:2036)
	at org.apache.tomcat.util.net.SocketProcessorBase.run(SocketProcessorBase.java:74)
	at org.apache.tomcat.util.threads.ThreadPoolExecutor.runWorker(ThreadPoolExecutor.java:949)
	at org.apache.tomcat.util.threads.ThreadPoolExecutor$Worker.run(ThreadPoolExecutor.java:483)
	at org.apache.tomcat.util.threads.TaskThread$WrappingRunnable.run(TaskThread.java:74)
	at java.base/java.lang.Thread.run(Thread.java:1583)
2026-09-04 14:52:28.326 WARN  [http-nio-8080-exec-5] o.s.w.s.m.m.a.ExceptionHandlerExceptionResolver - Resolved [org.springframework.web.HttpRequestMethodNotSupportedException: Request method 'POST' is not supported]
2026-09-04 14:52:28.326 INFO  [http-nio-8080-exec-5] c.b.a.filter.ApiLoggingFilter - API method=POST uri=/api/external/posts/1 status=500 durationMs=3 user=demoUser requestBody= responseBody={"success":false,"status":500,"message":"An Unexpected Server Error","data":null,"error":null,"timestamp":"2026-09-04T14:52:28.326047"}
2026-09-04 14:52:49.077 ERROR [http-nio-8080-exec-6] c.b.a.exception.GlobalExceptionHandler - Unexpected server error
org.springframework.web.HttpRequestMethodNotSupportedException: Request method 'POST' is not supported
	at org.springframework.web.servlet.mvc.method.RequestMappingInfoHandlerMapping.handleNoMatch(RequestMappingInfoHandlerMapping.java:260)
	at org.springframework.web.servlet.handler.AbstractHandlerMethodMapping.lookupHandlerMethod(AbstractHandlerMethodMapping.java:432)
	at org.springframework.web.servlet.handler.AbstractHandlerMethodMapping.getHandlerInternal(AbstractHandlerMethodMapping.java:376)
	at org.springframework.web.servlet.mvc.method.RequestMappingInfoHandlerMapping.getHandlerInternal(RequestMappingInfoHandlerMapping.java:116)
	at org.springframework.web.servlet.mvc.method.RequestMappingInfoHandlerMapping.getHandlerInternal(RequestMappingInfoHandlerMapping.java:68)
	at org.springframework.web.servlet.handler.AbstractHandlerMapping.getHandler(AbstractHandlerMapping.java:544)
	at org.springframework.web.servlet.DispatcherServlet.getHandler(DispatcherServlet.java:1157)
	at org.springframework.web.servlet.DispatcherServlet.doDispatch(DispatcherServlet.java:951)
	at org.springframework.web.servlet.DispatcherServlet.doService(DispatcherServlet.java:866)
	at org.springframework.web.servlet.FrameworkServlet.processRequest(FrameworkServlet.java:1000)
	at org.springframework.web.servlet.FrameworkServlet.doPost(FrameworkServlet.java:903)
	at jakarta.servlet.http.HttpServlet.service(HttpServlet.java:649)
	at org.springframework.web.servlet.FrameworkServlet.service(FrameworkServlet.java:874)
	at jakarta.servlet.http.HttpServlet.service(HttpServlet.java:710)
	at org.apache.catalina.core.ApplicationFilterChain.doFilter(ApplicationFilterChain.java:132)
	at org.apache.tomcat.websocket.server.WsFilter.doFilter(WsFilter.java:59)
	at org.apache.catalina.core.ApplicationFilterChain.doFilter(ApplicationFilterChain.java:111)
	at com.bulton.api_student_management.filter.ApiLoggingFilter.doFilterInternal(ApiLoggingFilter.java:38)
	at org.springframework.web.filter.OncePerRequestFilter.doFilter(OncePerRequestFilter.java:116)
	at org.apache.catalina.core.ApplicationFilterChain.doFilter(ApplicationFilterChain.java:111)
	at org.springframework.web.filter.CompositeFilter$VirtualFilterChain.doFilter(CompositeFilter.java:108)
	at org.springframework.security.web.FilterChainProxy.lambda$doFilterInternal$2(FilterChainProxy.java:235)
	at org.springframework.security.web.FilterChainProxy$VirtualFilterChain.doFilter(FilterChainProxy.java:376)
	at org.springframework.security.web.access.intercept.AuthorizationFilter.doFilter(AuthorizationFilter.java:101)
	at org.springframework.security.web.FilterChainProxy$VirtualFilterChain.doFilter(FilterChainProxy.java:385)
	at org.springframework.security.web.access.ExceptionTranslationFilter.doFilter(ExceptionTranslationFilter.java:126)
	at org.springframework.security.web.access.ExceptionTranslationFilter.doFilter(ExceptionTranslationFilter.java:120)
	at org.springframework.security.web.FilterChainProxy$VirtualFilterChain.doFilter(FilterChainProxy.java:385)
	at org.springframework.security.web.session.SessionManagementFilter.doFilter(SessionManagementFilter.java:132)
	at org.springframework.security.web.session.SessionManagementFilter.doFilter(SessionManagementFilter.java:86)
	at org.springframework.security.web.FilterChainProxy$VirtualFilterChain.doFilter(FilterChainProxy.java:385)
	at org.springframework.security.web.authentication.AnonymousAuthenticationFilter.doFilter(AnonymousAuthenticationFilter.java:100)
	at org.springframework.security.web.FilterChainProxy$VirtualFilterChain.doFilter(FilterChainProxy.java:385)
	at org.springframework.security.web.servletapi.SecurityContextHolderAwareRequestFilter.doFilter(SecurityContextHolderAwareRequestFilter.java:181)
	at org.springframework.security.web.FilterChainProxy$VirtualFilterChain.doFilter(FilterChainProxy.java:385)
	at org.springframework.security.web.savedrequest.RequestCacheAwareFilter.doFilter(RequestCacheAwareFilter.java:63)
	at org.springframework.security.web.FilterChainProxy$VirtualFilterChain.doFilter(FilterChainProxy.java:385)
	at org.springframework.security.oauth2.server.resource.web.authentication.BearerTokenAuthenticationFilter.doFilterInternal(BearerTokenAuthenticationFilter.java:207)
	at org.springframework.web.filter.OncePerRequestFilter.doFilter(OncePerRequestFilter.java:116)
	at org.springframework.security.web.FilterChainProxy$VirtualFilterChain.doFilter(FilterChainProxy.java:385)
	at org.springframework.security.oauth2.server.resource.web.OAuth2ProtectedResourceMetadataFilter.doFilterInternal(OAuth2ProtectedResourceMetadataFilter.java:98)
	at org.springframework.web.filter.OncePerRequestFilter.doFilter(OncePerRequestFilter.java:116)
	at org.springframework.security.web.FilterChainProxy$VirtualFilterChain.doFilter(FilterChainProxy.java:385)
	at org.springframework.security.web.authentication.logout.LogoutFilter.doFilter(LogoutFilter.java:110)
	at org.springframework.security.web.authentication.logout.LogoutFilter.doFilter(LogoutFilter.java:96)
	at org.springframework.security.web.FilterChainProxy$VirtualFilterChain.doFilter(FilterChainProxy.java:385)
	at org.springframework.security.web.header.HeaderWriterFilter.doHeadersAfter(HeaderWriterFilter.java:90)
	at org.springframework.security.web.header.HeaderWriterFilter.doFilterInternal(HeaderWriterFilter.java:75)
	at org.springframework.web.filter.OncePerRequestFilter.doFilter(OncePerRequestFilter.java:116)
	at org.springframework.security.web.FilterChainProxy$VirtualFilterChain.doFilter(FilterChainProxy.java:385)
	at org.springframework.security.web.context.SecurityContextHolderFilter.doFilter(SecurityContextHolderFilter.java:82)
	at org.springframework.security.web.context.SecurityContextHolderFilter.doFilter(SecurityContextHolderFilter.java:69)
	at org.springframework.security.web.FilterChainProxy$VirtualFilterChain.doFilter(FilterChainProxy.java:385)
	at org.springframework.security.web.context.request.async.WebAsyncManagerIntegrationFilter.doFilterInternal(WebAsyncManagerIntegrationFilter.java:62)
	at org.springframework.web.filter.OncePerRequestFilter.doFilter(OncePerRequestFilter.java:116)
	at org.springframework.security.web.FilterChainProxy$VirtualFilterChain.doFilter(FilterChainProxy.java:385)
	at org.springframework.security.web.session.DisableEncodeUrlFilter.doFilterInternal(DisableEncodeUrlFilter.java:42)
	at org.springframework.web.filter.OncePerRequestFilter.doFilter(OncePerRequestFilter.java:116)
	at org.springframework.security.web.FilterChainProxy$VirtualFilterChain.doFilter(FilterChainProxy.java:385)
	at org.springframework.security.web.FilterChainProxy.doFilterInternal(FilterChainProxy.java:237)
	at org.springframework.security.web.FilterChainProxy.doFilter(FilterChainProxy.java:195)
	at org.springframework.web.filter.CompositeFilter$VirtualFilterChain.doFilter(CompositeFilter.java:113)
	at org.springframework.web.filter.ServletRequestPathFilter.doFilter(ServletRequestPathFilter.java:52)
	at org.springframework.web.filter.CompositeFilter$VirtualFilterChain.doFilter(CompositeFilter.java:113)
	at org.springframework.web.filter.CompositeFilter.doFilter(CompositeFilter.java:74)
	at org.springframework.security.config.annotation.web.configuration.WebSecurityConfiguration$CompositeFilterChainProxy.doFilter(WebSecurityConfiguration.java:317)
	at org.springframework.web.filter.DelegatingFilterProxy.invokeDelegate(DelegatingFilterProxy.java:355)
	at org.springframework.web.filter.DelegatingFilterProxy.doFilter(DelegatingFilterProxy.java:272)
	at org.apache.catalina.core.ApplicationFilterChain.doFilter(ApplicationFilterChain.java:111)
	at org.springframework.web.filter.RequestContextFilter.doFilterInternal(RequestContextFilter.java:100)
	at org.springframework.web.filter.OncePerRequestFilter.doFilter(OncePerRequestFilter.java:116)
	at org.apache.catalina.core.ApplicationFilterChain.doFilter(ApplicationFilterChain.java:111)
	at org.springframework.web.filter.FormContentFilter.doFilterInternal(FormContentFilter.java:93)
	at org.springframework.web.filter.OncePerRequestFilter.doFilter(OncePerRequestFilter.java:116)
	at org.apache.catalina.core.ApplicationFilterChain.doFilter(ApplicationFilterChain.java:111)
	at org.springframework.web.filter.CharacterEncodingFilter.doFilterInternal(CharacterEncodingFilter.java:199)
	at org.springframework.web.filter.OncePerRequestFilter.doFilter(OncePerRequestFilter.java:116)
	at org.apache.catalina.core.ApplicationFilterChain.doFilter(ApplicationFilterChain.java:111)
	at org.apache.catalina.core.StandardWrapperValve.invoke(StandardWrapperValve.java:165)
	at org.apache.catalina.core.StandardContextValve.invoke(StandardContextValve.java:77)
	at org.apache.catalina.authenticator.AuthenticatorBase.invoke(AuthenticatorBase.java:535)
	at org.apache.catalina.core.StandardHostValve.invoke(StandardHostValve.java:115)
	at org.apache.catalina.valves.ErrorReportValve.invoke(ErrorReportValve.java:86)
	at org.apache.catalina.core.StandardEngineValve.invoke(StandardEngineValve.java:71)
	at org.apache.catalina.connector.CoyoteAdapter.service(CoyoteAdapter.java:347)
	at org.apache.coyote.http11.Http11Processor.service(Http11Processor.java:406)
	at org.apache.coyote.AbstractProcessorLight.process(AbstractProcessorLight.java:71)
	at org.apache.coyote.AbstractProtocol$ConnectionHandler.process(AbstractProtocol.java:1307)
	at org.apache.tomcat.util.net.NioEndpoint$SocketProcessor.doRun(NioEndpoint.java:2036)
	at org.apache.tomcat.util.net.SocketProcessorBase.run(SocketProcessorBase.java:74)
	at org.apache.tomcat.util.threads.ThreadPoolExecutor.runWorker(ThreadPoolExecutor.java:949)
	at org.apache.tomcat.util.threads.ThreadPoolExecutor$Worker.run(ThreadPoolExecutor.java:483)
	at org.apache.tomcat.util.threads.TaskThread$WrappingRunnable.run(TaskThread.java:74)
	at java.base/java.lang.Thread.run(Thread.java:1583)
2026-09-04 14:52:49.081 WARN  [http-nio-8080-exec-6] o.s.w.s.m.m.a.ExceptionHandlerExceptionResolver - Resolved [org.springframework.web.HttpRequestMethodNotSupportedException: Request method 'POST' is not supported]
2026-09-04 14:52:49.081 INFO  [http-nio-8080-exec-6] c.b.a.filter.ApiLoggingFilter - API method=POST uri=/api/external/posts/3 status=500 durationMs=5 user=demoUser requestBody= responseBody={"success":false,"status":500,"message":"An Unexpected Server Error","data":null,"error":null,"timestamp":"2026-09-04T14:52:49.080096"}
2026-09-04 14:53:17.967 INFO  [http-nio-8080-exec-7] c.b.a.config.WebClientConfig - THIRD_PARTY_REQUEST method=GET url=https://jsonplaceholder.typicode.com/posts/3
2026-09-04 14:53:18.609 ERROR [http-nio-8080-exec-7] i.n.r.d.DnsServerAddressStreamProviders - Unable to load io.netty.resolver.dns.macos.MacOSDnsServerAddressStreamProvider, fallback to system defaults. This may result in incorrect DNS resolutions on MacOS. Check whether you have a dependency on 'io.netty:netty-resolver-dns-native-macos'. Use DEBUG level to see the full stack: java.lang.UnsatisfiedLinkError: failed to load the required native library
2026-09-04 14:53:19.138 INFO  [reactor-http-nio-2] c.b.a.config.WebClientConfig - THIRD_PARTY_RESPONSE status=200
2026-09-04 14:53:19.150 INFO  [reactor-http-nio-2] c.b.a.s.impl.ExternalPostServiceImpl - THIRD_PARTY_RESPONSE_BODY post=ExternalPostResponse(userId=1, id=3, title=ea molestias quasi exercitationem repellat qui ipsa sit aut, body=et iusto sed quo iure
voluptatem occaecati omnis eligendi aut ad
voluptatem doloribus vel accusantium quis pariatur
molestiae porro eius odio et labore et velit aut)
2026-09-04 14:53:19.153 INFO  [http-nio-8080-exec-7] c.b.a.filter.ApiLoggingFilter - API method=GET uri=/api/external/posts/3 status=200 durationMs=1219 user=demoUser requestBody= responseBody={"success":true,"status":200,"message":"External post retrieved successfully","data":{"body":"et iusto sed quo iure\nvoluptatem occaecati omnis eligendi aut ad\nvoluptatem doloribus vel accusantium quis pariatur\nmolestiae porro eius odio et labore et velit aut","id":3,"title":"ea molestias quasi exercitationem repellat qui ipsa sit aut","userId":1},"error":null,"timestamp":"2026-09-04T14:53:19.151693"}
2026-09-04 14:53:34.220 INFO  [http-nio-8080-exec-8] c.b.a.config.WebClientConfig - THIRD_PARTY_REQUEST method=GET url=https://jsonplaceholder.typicode.com/posts/5
2026-09-04 14:53:34.330 INFO  [reactor-http-nio-2] c.b.a.config.WebClientConfig - THIRD_PARTY_RESPONSE status=200
2026-09-04 14:53:34.332 INFO  [reactor-http-nio-2] c.b.a.s.impl.ExternalPostServiceImpl - THIRD_PARTY_RESPONSE_BODY post=ExternalPostResponse(userId=1, id=5, title=nesciunt quas odio, body=repudiandae veniam quaerat sunt sed
alias aut fugiat sit autem sed est
voluptatem omnis possimus esse voluptatibus quis
est aut tenetur dolor neque)
2026-09-04 14:53:34.334 INFO  [http-nio-8080-exec-8] c.b.a.filter.ApiLoggingFilter - API method=GET uri=/api/external/posts/5 status=200 durationMs=115 user=demoUser requestBody= responseBody={"success":true,"status":200,"message":"External post retrieved successfully","data":{"body":"repudiandae veniam quaerat sunt sed\nalias aut fugiat sit autem sed est\nvoluptatem omnis possimus esse voluptatibus quis\nest aut tenetur dolor neque","id":5,"title":"nesciunt quas odio","userId":1},"error":null,"timestamp":"2026-09-04T14:53:34.332671"}
2026-09-04 14:53:42.535 INFO  [http-nio-8080-exec-9] c.b.a.config.WebClientConfig - THIRD_PARTY_REQUEST method=GET url=https://jsonplaceholder.typicode.com/posts/10
2026-09-04 14:53:43.337 INFO  [reactor-http-nio-2] c.b.a.config.WebClientConfig - THIRD_PARTY_RESPONSE status=200
2026-09-04 14:53:43.338 INFO  [reactor-http-nio-2] c.b.a.s.impl.ExternalPostServiceImpl - THIRD_PARTY_RESPONSE_BODY post=ExternalPostResponse(userId=1, id=10, title=optio molestias id quia eum, body=quo et expedita modi cum officia vel magni
doloribus qui repudiandae
vero nisi sit
quos veniam quod sed accusamus veritatis error)
2026-09-04 14:53:43.340 INFO  [http-nio-8080-exec-9] c.b.a.filter.ApiLoggingFilter - API method=GET uri=/api/external/posts/10 status=200 durationMs=806 user=demoUser requestBody= responseBody={"success":true,"status":200,"message":"External post retrieved successfully","data":{"body":"quo et expedita modi cum officia vel magni\ndoloribus qui repudiandae\nvero nisi sit\nquos veniam quod sed accusamus veritatis error","id":10,"title":"optio molestias id quia eum","userId":1},"error":null,"timestamp":"2026-09-04T14:53:43.33944"}
